tissue	row	col	Score	cluster
AAACCTAAGCAGCCGG-1	1	65	83	0.242212725546059	1
AAACGGGCGTACGGGT-1	1	65	91	0.311396011396011	1
AAATCCGATACACGCC-1	1	65	87	0.286799620132953	1
AACCTCGCTTTAGCCC-1	1	62	82	0.311538461538462	1
AAGCACCCTGCGTATC-1	1	59	73	0.220845204178538	1
AATCGTGAGCCGAGCA-1	1	67	83	0.239648622981956	1
AATTAACGGATTTCCA-1	1	58	66	0.250047483380817	1
ACAAGGATGCTTTAGG-1	1	61	87	0.34002849002849	1
ACAGGCACGGATCCTT-1	1	69	95	0.129392212725546	1
ACCCTCCCGTCAGGGC-1	1	69	99	0.246011396011396	1
ACGGACTCTCAAAGCG-1	1	61	75	0.32008547008547	1
ACGTTCTGTACAAGTC-1	1	65	95	0.112488129154796	1
ACTCAAGTGCAAGGCT-1	1	60	86	0.178157644824311	1
ACTCCCTAATGCTAAA-1	1	57	69	0.146628679962013	1
ACTCTGACCTAATAGA-1	1	69	97	0.205270655270655	1
ACTTACGCATCCACGC-1	1	58	78	0.0914529914529914	1
ACTTCCATGCGGGACA-1	1	61	85	0.154795821462488	1
AGAAGGTTGTAGGTCG-1	1	64	78	0.0797720797720798	1
AGCAAAGGCCGCTAGT-1	1	60	72	0.131718898385565	1
AGCCACAGGTTACCCG-1	1	63	89	0.219848053181387	1
AGCTAAGTACGCAGGC-1	1	64	86	0.35346628679962	1
AGGCCTGAGAATCTCG-1	1	62	88	0.261870845204179	1
AGTCGTATAAAGCAGA-1	1	65	81	0.116999050332384	1
AGTGGCGTCTGAAGGT-1	1	62	86	0.318898385565052	1
AGTTTGCACCTGCCTC-1	1	58	74	0.412962962962963	1
ATAATCTTGGAGAACC-1	1	61	77	0.311823361823362	1
ATATAAAGCGCTCGTG-1	1	58	68	0.363627730294397	1
ATATAACACGGGCGCA-1	1	66	94	0.154036087369421	1
ATCCACATCGACAGAA-1	1	62	72	0.172886989553656	1
ATGCTCTGGCGCGGTA-1	1	60	76	0.1664767331434	1
ATGTTGATTAGAGACT-1	1	68	92	0.136134852801519	1
ATTATTCAGAGTCACT-1	1	67	97	0.173219373219373	1
ATTCACTGATGTTGGA-1	1	56	68	0.24349477682811	1
ATTCATCGTTGAGGCA-1	1	61	89	0.331813865147198	1
ATTGCCTTTATGTTTG-1	1	64	84	0.302943969610636	1
CACATCTCACCGACGA-1	1	57	75	0.127730294396961	1
CAGCAGTCTGTGCTGC-1	1	62	74	0.228300094966762	1
CAGGCAGTCTTACCAG-1	1	65	85	0.220607787274454	1
CATAAGAAGCTTGGCT-1	1	58	72	0.0275403608736942	1
CATAGAGGAGATACTA-1	1	69	87	0.134520417853751	1
CATAGTCAAATACATA-1	1	65	93	0.15664767331434	1
CATGAGATGCACTCTC-1	1	59	79	0.188319088319088	1
CCCAAGTCATTACACT-1	1	68	96	0.42716049382716	1
CCTGGTCGAATGTGGG-1	1	59	69	0.342212725546059	1
CGAGAGCTTTCACTAC-1	1	64	88	0.379392212725546	1
CGATAGTCGTACTGCA-1	1	66	88	0.122934472934473	1
CGATTCGCCTGGCTGC-1	1	57	73	0.0670940170940171	1
CGCATGCCGAATGCGT-1	1	67	89	0.199810066476733	1
CGCCCAGCGTTTCACG-1	1	65	89	0.233855650522317	1
CGCGACCGCGACAGAT-1	1	59	81	0.064624881291548	1
CGGATCCTCAAGGACT-1	1	60	80	0.223219373219373	1
CGTCGCATGTGAGCCA-1	1	65	77	0.0773029439696106	1
CGTTAATGTCCCGACG-1	1	59	87	0.278727445394112	1
CGTTGAATACCGCGCT-1	1	57	77	0.155792972459639	1
CTAGGTTCGGACGTGA-1	1	58	70	0.202279202279202	1
CTAGTAGAAAGGGATT-1	1	63	81	0.414482431149098	1
CTCAACTAACCCGGAT-1	1	63	85	0.387321937321937	1
CTCACTGTGATACTTA-1	1	63	75	0.0375118708452042	1
CTCATTGCTCTAACAA-1	1	60	78	0.191595441595442	1
CTCTAGCCCTCGGAAA-1	1	66	90	0.152421652421652	1
CTTAGTGTAGTAGCAT-1	1	61	83	0.310683760683761	1
CTTCAACTCCACTTGG-1	1	59	77	0.150759734093067	1
CTTCGATTGCGCAAGC-1	1	68	88	0.17340930674264	1
CTTGATGACCATCCAG-1	1	70	98	0.257597340930674	1
GAACAACTGGGATGAA-1	1	67	85	0.290883190883191	1
GAACAGATTACTAAAT-1	1	57	71	0.193019943019943	1
GAACCCTCTGTGTTCT-1	1	59	67	0.218233618233618	1
GAACCTTTAACGATCC-1	1	63	79	0.258974358974359	1
GACACTTCCAATTACC-1	1	70	96	0.210778727445394	1
GACTAGGCCGTTAGGT-1	1	66	78	0.0376068376068376	1
GACTGCAAATCGAGCT-1	1	59	75	0.162155745489079	1
GAGCACCTGTGTCCAG-1	1	58	80	0.176020892687559	1
GAGTGTCAACCAGAAA-1	1	63	83	0.410683760683761	1
GATGAGGAACCTTCGG-1	1	67	81	0.105460588793922	1
GATTGGGAAAGGTTGT-1	1	66	80	0.23019943019943	1
GCAAACCTTGGCCATA-1	1	57	67	0.13641975308642	1
GCAGTGTGGCTATAGG-1	1	59	83	0.147008547008547	1
GCATGCTAATAACGAT-1	1	67	95	0.196486229819563	1
GCCTACGTTCTGTGCA-1	1	68	82	0.243114909781576	1
GCGAAGAATCTGACGG-1	1	66	84	0.215004748338082	1
GGATGGCTTGAAGTAT-1	1	68	98	0.245441595441595	1
GGATTGCTGTGACTCC-1	1	60	84	0.0415954415954416	1
GGCCGGCGTCTGCTAT-1	1	65	79	0.185612535612536	1
GGCGTAGGGAAAGCTG-1	1	64	82	0.352469135802469	1
GGGAAGACGGTCTGTC-1	1	64	76	0.133190883190883	1
GGGAAGGGCTTTCTCA-1	1	63	87	0.253086419753086	1
GGGAGCGACCGTAGTG-1	1	68	86	0.189838556505223	1
GGGCGTGGTTTCCCAG-1	1	61	81	0.267806267806268	1
GTAGTCTACGATATTG-1	1	63	77	0.146153846153846	1
GTATCCTTTGGTAACC-1	1	64	92	0.229297245963913	1
GTCCCGCGACGTTATG-1	1	58	82	0.13338081671415	1
GTCTAGTGAGCCGCTT-1	1	66	92	0.179819563152896	1
GTGATCCTTGTCATGA-1	1	62	84	0.424548907882241	1
GTGCCTGAGACCAAAC-1	1	69	89	0.155413105413105	1
GTGTATATCAGCGGGC-1	1	58	76	0.241880341880342	1
GTTAAGGGTGCGATGT-1	1	61	71	0.142260208926876	1
GTTTCTAGAGGCGCGG-1	1	69	93	0.16633428300095	1
GTTTGGGTTTCGCCCG-1	1	63	91	0.187749287749288	1
TACAAGGGCTTCTTTA-1	1	68	94	0.274548907882241	1
TACAGAAACGGTGGGC-1	1	59	85	0.0730769230769231	1
TACCGAATAATTGTAA-1	1	67	93	0.180959164292498	1
TAGGTGACGATAACCT-1	1	61	79	0.236467236467236	1
TCAAATTTGAGACTCA-1	1	60	70	0.176638176638177	1
TCATCCTCAGCTGCTT-1	1	68	90	0.195204178537512	1
TCCAACTCAGCTATCT-1	1	67	91	0.203513770180437	1
TCCGGGCTTGACGGGA-1	1	66	96	0.152801519468186	1
TCCTAAATTGGGAAGC-1	1	56	70	0.188841405508072	1
TCGCCGACATATTCGC-1	1	66	86	0.214434947768281	1
TCGGGAGACAGCGTAC-1	1	59	71	0.194396961063628	1
TCGTTTACGCGACCCT-1	1	70	94	0.154985754985755	1
TGAATACCGACGCGTA-1	1	66	82	0.193019943019943	1
TGCAACTACTGGTTGA-1	1	69	91	0.12630579297246	1
TGCAATCTAACACGGT-1	1	62	90	0.457359924026591	1
TGGACCAATCTAAGAT-1	1	62	80	0.339838556505223	1
TGGCTATGTGACATAC-1	1	60	82	0.0547008547008547	1
TTAAGTATTGTTATCC-1	1	64	90	0.342402659069326	1
TTAATTGCTTTGGGTG-1	1	62	76	0.179439696106363	1
TTATAGGTAATTGTCT-1	1	61	73	0.102943969610636	1
TTGAACGACGTGCTGA-1	1	60	88	0.176495726495727	1
TTGACCAGGAACAACT-1	1	64	80	0.312915479582146	1
TTGCCGCTTTCTAGTA-1	1	62	78	0.165052231718898	1
TTGTGCAGCCACGTCA-1	1	60	74	0.189553656220323	1
