x	y	cluster	source
1	0.5	78	1	Dataframe 1
2	0.50066333816858	78.0257468085606	1	Dataframe 1
3	0.502651592604216	78.0514253017578	1	Dataframe 1
4	0.505959487766684	78.076967345493	1	Dataframe 1
5	0.510578246643509	78.1023051677163	1	Dataframe 1
6	0.516495614038472	78.1273715382492	1	Dataframe 1
7	0.523695889088972	78.1520999471705	1	Dataframe 1
8	0.532159966925947	78.1764247812901	1	Dataframe 1
9	0.541865389365832	78.2002814982445	1	Dataframe 1
10	0.552786404500042	78.22360679775	1	Dataframe 1
11	2.52824058797053	82.174515164691	1	Dataframe 1
12	3.5	86.0615528128088	1	Dataframe 1
13	3.5	92.9504902432036	1	Dataframe 1
14	2.50970966215454	97.9019419324309	1	Dataframe 1
15	2.50546945328608	97.9262467738548	1	Dataframe 1
16	2.50243333666597	97.9507311910167	1	Dataframe 1
17	2.50060870468789	97.9753355687985	1	Dataframe 1
18	2.5	98	1	Dataframe 1
19	2.5	99.9384471871912	1	Dataframe 1
20	1.51492874992733	103.878732187482	1	Dataframe 1
21	1.50957163168893	103.90263462856	1	Dataframe 1
22	1.50539159137238	103.926770756423	1	Dataframe 1
23	1.50239866149922	103.951082641913	1	Dataframe 1
24	1.50060002540529	103.975511934033	1	Dataframe 1
25	1.5	104	1	Dataframe 1
26	1.5	106	1	Dataframe 1
27	1.50075742218359	106.027510879579	1	Dataframe 1
28	1.50302739398089	106.054938409757	1	Dataframe 1
29	1.50680303808393	106.082199493653	1	Dataframe 1
30	3.5	118.041381265149	1	Dataframe 1
31	3.5	120	1	Dataframe 1
32	3.50071874037177	120.026799697462	1	Dataframe 1
33	3.50287289513618	120.053522346826	1	Dataframe 1
34	3.50645627118125	120.080091121503	1	Dataframe 1
35	3.51145856643886	120.106429637292	1	Dataframe 1
36	3.5178653995028	120.132462171971	1	Dataframe 1
37	3.52565835097474	120.158113883008	1	Dataframe 1
38	4.52565835097474	123.158113883008	1	Dataframe 1
39	4.53366469316076	123.180364579658	1	Dataframe 1
40	4.54271412486534	123.202211840411	1	Dataframe 1
41	4.55278640450004	123.22360679775	1	Dataframe 1
42	6.55278640450004	127.22360679775	1	Dataframe 1
43	6.56541445449203	127.247255745405	1	Dataframe 1
44	6.57929192119019	127.270193842314	1	Dataframe 1
45	6.59437890741222	127.292355142332	1	Dataframe 1
46	6.61063203865379	127.313675932575	1	Dataframe 1
47	6.62800458778852	127.334094916593	1	Dataframe 1
48	6.64644660940673	127.353553390593	1	Dataframe 1
49	7.61143792464112	128.318544705828	1	Dataframe 1
50	9.58397485283108	131.277350098113	1	Dataframe 1
51	9.59816269057303	131.297534496744	1	Dataframe 1
52	9.61332892933105	131.316994452803	1	Dataframe 1
53	9.62943664206261	131.335682584824	1	Dataframe 1
54	9.64644660940673	131.353553390593	1	Dataframe 1
55	10.6114379246411	132.318544705828	1	Dataframe 1
56	12.5839748528311	135.277350098113	1	Dataframe 1
57	12.5989274030115	135.298564518898	1	Dataframe 1
58	12.6149606519777	135.318974451131	1	Dataframe 1
59	12.6320313977934	135.338524899808	1	Dataframe 1
60	12.6500936429649	135.357163185822	1	Dataframe 1
61	12.6690987183821	135.374839087908	1	Dataframe 1
62	12.6889954144583	135.391504977966	1	Dataframe 1
63	12.7097301191155	135.407115949394	1	Dataframe 1
64	12.7312469622439	135.421629938094	1	Dataframe 1
65	12.7534879662441	135.435007835807	1	Dataframe 1
66	12.77639320225	135.4472135955	1	Dataframe 1
67	14.77639320225	136.4472135955	1	Dataframe 1
68	14.7997185017555	136.458134610634	1	Dataframe 1
69	14.8235752187099	136.467840033074	1	Dataframe 1
70	14.8479000528295	136.476304110911	1	Dataframe 1
71	14.8726284617508	136.483504385962	1	Dataframe 1
72	14.8976948322837	136.489421753356	1	Dataframe 1
73	14.923032654507	136.494040512233	1	Dataframe 1
74	14.9485746982422	136.497348407396	1	Dataframe 1
75	14.9742531914394	136.499336661831	1	Dataframe 1
76	15	136.5	1	Dataframe 1
77	17	136.5	1	Dataframe 1
78	17.0261679781215	136.499314767377	1	Dataframe 1
79	17.0522642316338	136.497260947684	1	Dataframe 1
80	17.0782172325201	136.493844170298	1	Dataframe 1
81	17.1039558454089	136.489073800367	1	Dataframe 1
82	17.1294095225513	136.482962913145	1	Dataframe 1
83	17.1545084971875	136.475528258148	1	Dataframe 1
84	17.1791839747726	136.466790213249	1	Dataframe 1
85	17.2033683215379	136.456772728821	1	Dataframe 1
86	17.2269952498698	136.445503262094	1	Dataframe 1
87	17.25	136.433012701892	1	Dataframe 1
88	17.2723195175075	136.419335283973	1	Dataframe 1
89	17.2938926261462	136.404508497187	1	Dataframe 1
90	17.3146601955249	136.388572980728	1	Dataframe 1
91	17.3345653031794	136.371572412739	1	Dataframe 1
92	17.3535533905933	136.353553390593	1	Dataframe 1
93	20.3535533905933	133.353553390593	1	Dataframe 1
94	20.3692112786134	133.337169144117	1	Dataframe 1
95	20.3841106397987	133.320092199832	1	Dataframe 1
96	25.3550113489049	127.355011348905	1	Dataframe 1
97	31.3200921998322	122.384110639799	1	Dataframe 1
98	31.3381571596105	122.368306578008	1	Dataframe 1
99	31.3554428549606	122.351653774127	1	Dataframe 1
100	31.3719094519561	122.334190603617	1	Dataframe 1
101	31.3875190042369	122.315957309387	1	Dataframe 1
102	31.4022355404551	122.296995909054	1	Dataframe 1
103	31.4160251471689	122.277350098113	1	Dataframe 1
104	35.3605551275464	116.360555127546	1	Dataframe 1
105	38.2674503463921	114.422624981649	1	Dataframe 1
106	43.0445787087711	111.556347964222	1	Dataframe 1
107	52.5989914040882	115.378113042349	1	Dataframe 1
108	53.5256583509747	118.158113883008	1	Dataframe 1
109	53.5343080076259	118.182019142506	1	Dataframe 1
110	53.5441615302196	118.20545386214	1	Dataframe 1
111	53.5551934462967	118.228357460536	1	Dataframe 1
112	53.5673752371189	118.250670729328	1	Dataframe 1
113	53.5806754113929	118.272335986218	1	Dataframe 1
114	53.5950595866792	118.293297224091	1	Dataframe 1
115	53.610490578274	118.3135002558	1	Dataframe 1
116	53.6269284953363	118.332892854246	1	Dataframe 1
117	53.64433084401	118.35142488739	1	Dataframe 1
118	53.6626526372752	118.369048447853	1	Dataframe 1
119	53.6818465112449	118.385717976756	1	Dataframe 1
120	53.7018628476059	118.401390381502	1	Dataframe 1
121	53.7226499018874	118.416025147169	1	Dataframe 1
122	56.6814552941723	120.388562075359	1	Dataframe 1
123	59.6464466094067	123.353553390593	1	Dataframe 1
124	59.665121403251	123.371290082603	1	Dataframe 1
125	59.6846847481156	123.388041611079	1	Dataframe 1
126	59.705084735547	123.403763528309	1	Dataframe 1
127	59.726267237184	123.418414118501	1	Dataframe 1
128	59.7481760483793	123.431954508473	1	Dataframe 1
129	59.7707530373301	123.444348770795	1	Dataframe 1
130	59.7939382993224	123.455564019117	1	Dataframe 1
131	59.8176703156792	123.465570495431	1	Dataframe 1
132	59.8418861169916	123.474341649025	1	Dataframe 1
133	62.7898165770383	124.456985135707	1	Dataframe 1
134	67.7427521222862	127.428746462856	1	Dataframe 1
135	67.7653881731716	127.441539681923	1	Dataframe 1
136	67.7886586681664	127.45313887657	1	Dataframe 1
137	67.8125006785228	127.463512679919	1	Dataframe 1
138	67.8368497299846	127.47263303883	1	Dataframe 1
139	67.8616399771405	127.480475289765	1	Dataframe 1
140	67.8868043814846	127.487018225479	1	Dataframe 1
141	67.9122748927048	127.492244152378	1	Dataframe 1
142	67.9379826327054	127.496138938357	1	Dataframe 1
143	75.8529976397166	128.485515814233	1	Dataframe 1
144	77.77639320225	129.4472135955	1	Dataframe 1
145	77.8000360962322	129.458273321491	1	Dataframe 1
146	77.8242239350242	129.468084153739	1	Dataframe 1
147	77.8488908015432	129.47661935561	1	Dataframe 1
148	77.8739694732524	129.483855666834	1	Dataframe 1
149	77.8993916053569	129.489773366903	1	Dataframe 1
150	77.9250879170581	129.494356328805	1	Dataframe 1
151	77.9509883803588	129.497592062979	1	Dataframe 1
152	77.9770224109046	129.499471751353	1	Dataframe 1
153	78.0031190603414	129.499990271368	1	Dataframe 1
154	78.0292072096655	129.499146209946	1	Dataframe 1
155	78.0552157630374	129.496941867337	1	Dataframe 1
156	87.0276925690686	128.5	1	Dataframe 1
157	93	128.5	1	Dataframe 1
158	93.024488065967	128.499399974595	1	Dataframe 1
159	93.0489173580872	128.497601338501	1	Dataframe 1
160	93.073229243577	128.494608408628	1	Dataframe 1
161	93.0973653714405	128.490428368311	1	Dataframe 1
162	93.1212678125182	128.485071250073	1	Dataframe 1
163	101.061552812809	126.5	1	Dataframe 1
164	102	126.5	1	Dataframe 1
165	102.026167978121	126.499314767377	1	Dataframe 1
166	102.052264231634	126.497260947684	1	Dataframe 1
167	102.07821723252	126.493844170298	1	Dataframe 1
168	102.103955845409	126.489073800367	1	Dataframe 1
169	102.129409522551	126.482962913145	1	Dataframe 1
170	102.154508497187	126.475528258148	1	Dataframe 1
171	102.179183974773	126.466790213249	1	Dataframe 1
172	102.203368321538	126.456772728821	1	Dataframe 1
173	102.22699524987	126.445503262094	1	Dataframe 1
174	102.25	126.433012701892	1	Dataframe 1
175	102.272319517508	126.419335283973	1	Dataframe 1
176	102.293892626146	126.404508497187	1	Dataframe 1
177	102.314660195525	126.388572980728	1	Dataframe 1
178	102.334565303179	126.371572412739	1	Dataframe 1
179	102.353553390593	126.353553390593	1	Dataframe 1
180	104.353553390593	124.353553390593	1	Dataframe 1
181	104.372564008943	124.333460731182	1	Dataframe 1
182	104.390434404722	124.312347523777	1	Dataframe 1
183	108.37313499397	119.333971787216	1	Dataframe 1
184	110.324292417392	117.382814363794	1	Dataframe 1
185	117.213367757263	112.462046263886	1	Dataframe 1
186	121.061552812809	111.5	1	Dataframe 1
187	135	111.5	1	Dataframe 1
188	135.025746808561	111.499336661831	1	Dataframe 1
189	135.051425301758	111.497348407396	1	Dataframe 1
190	135.076967345493	111.494040512233	1	Dataframe 1
191	135.102305167716	111.489421753356	1	Dataframe 1
192	135.127371538249	111.483504385962	1	Dataframe 1
193	135.15209994717	111.476304110911	1	Dataframe 1
194	135.17642478129	111.467840033074	1	Dataframe 1
195	135.200281498245	111.458134610634	1	Dataframe 1
196	135.22360679775	111.4472135955	1	Dataframe 1
197	137.191824306081	110.463104841334	1	Dataframe 1
198	149.019985268844	106.520384520413	1	Dataframe 1
199	152.878732187482	107.485071250073	1	Dataframe 1
200	152.90263462856	107.490428368311	1	Dataframe 1
201	152.926770756423	107.494608408628	1	Dataframe 1
202	152.951082641913	107.497601338501	1	Dataframe 1
203	152.975511934033	107.499399974595	1	Dataframe 1
204	153	107.5	1	Dataframe 1
205	155	107.5	1	Dataframe 1
206	155.026167978121	107.499314767377	1	Dataframe 1
207	155.052264231634	107.497260947684	1	Dataframe 1
208	155.07821723252	107.493844170298	1	Dataframe 1
209	155.103955845409	107.489073800367	1	Dataframe 1
210	155.129409522551	107.482962913145	1	Dataframe 1
211	155.154508497187	107.475528258148	1	Dataframe 1
212	155.179183974773	107.466790213249	1	Dataframe 1
213	155.203368321538	107.456772728821	1	Dataframe 1
214	155.22699524987	107.445503262094	1	Dataframe 1
215	155.25	107.433012701892	1	Dataframe 1
216	155.272319517508	107.419335283973	1	Dataframe 1
217	155.293892626146	107.404508497187	1	Dataframe 1
218	155.314660195525	107.388572980728	1	Dataframe 1
219	155.334565303179	107.371572412739	1	Dataframe 1
220	155.353553390593	107.353553390593	1	Dataframe 1
221	157.318544705828	105.388562075359	1	Dataframe 1
222	160.251449309214	103.433292339768	1	Dataframe 1
223	162.22360679775	102.4472135955	1	Dataframe 1
224	162.247255745404	102.434585545508	1	Dataframe 1
225	162.270193842314	102.42070807881	1	Dataframe 1
226	162.292355142332	102.405621092588	1	Dataframe 1
227	162.313675932575	102.389367961346	1	Dataframe 1
228	162.334094916594	102.371995412211	1	Dataframe 1
229	162.353553390593	102.353553390593	1	Dataframe 1
230	168.310028979255	96.3970778019315	1	Dataframe 1
231	173.040749366706	93.5586455694609	1	Dataframe 1
232	184.5	98.3333333333333	1	Dataframe 1
233	184.5	102	1	Dataframe 1
234	184.500718740372	102.026799697462	1	Dataframe 1
235	184.502872895136	102.053522346826	1	Dataframe 1
236	184.506456271181	102.080091121503	1	Dataframe 1
237	184.511458566439	102.106429637292	1	Dataframe 1
238	184.517865399503	102.132462171971	1	Dataframe 1
239	184.525658350975	102.158113883008	1	Dataframe 1
240	185.5	105.081138830084	1	Dataframe 1
241	185.5	107.918861169916	1	Dataframe 1
242	184.536895158666	110.808175693919	1	Dataframe 1
243	182.5527864045	114.77639320225	1	Dataframe 1
244	182.541865389366	114.799718501755	1	Dataframe 1
245	182.532159966926	114.82357521871	1	Dataframe 1
246	182.523695889089	114.84790005283	1	Dataframe 1
247	182.516495614038	114.872628461751	1	Dataframe 1
248	182.510578246644	114.897694832284	1	Dataframe 1
249	182.505959487767	114.923032654507	1	Dataframe 1
250	182.502651592604	114.948574698242	1	Dataframe 1
251	182.500663338169	114.974253191439	1	Dataframe 1
252	182.5	115	1	Dataframe 1
253	182.500663338169	115.025746808561	1	Dataframe 1
254	182.502651592604	115.051425301758	1	Dataframe 1
255	182.505959487767	115.076967345493	1	Dataframe 1
256	182.510578246644	115.102305167716	1	Dataframe 1
257	182.516495614038	115.127371538249	1	Dataframe 1
258	182.523695889089	115.15209994717	1	Dataframe 1
259	182.532159966926	115.17642478129	1	Dataframe 1
260	182.541865389366	115.200281498245	1	Dataframe 1
261	182.5527864045	115.22360679775	1	Dataframe 1
262	183.5527864045	117.22360679775	1	Dataframe 1
263	183.565414454492	117.247255745405	1	Dataframe 1
264	183.57929192119	117.270193842314	1	Dataframe 1
265	183.594378907412	117.292355142332	1	Dataframe 1
266	183.610632038654	117.313675932575	1	Dataframe 1
267	183.628004587789	117.334094916593	1	Dataframe 1
268	183.646446609407	117.353553390593	1	Dataframe 1
269	183.665905083407	117.371995412211	1	Dataframe 1
270	183.686324067425	117.389367961346	1	Dataframe 1
271	183.707644857668	117.405621092588	1	Dataframe 1
272	183.729806157686	117.42070807881	1	Dataframe 1
273	183.752744254596	117.434585545508	1	Dataframe 1
274	183.77639320225	117.4472135955	1	Dataframe 1
275	185.77639320225	118.4472135955	1	Dataframe 1
276	185.799718501755	118.458134610634	1	Dataframe 1
277	185.82357521871	118.467840033074	1	Dataframe 1
278	185.84790005283	118.476304110911	1	Dataframe 1
279	185.872628461751	118.483504385962	1	Dataframe 1
280	185.897694832284	118.489421753356	1	Dataframe 1
281	185.923032654507	118.494040512233	1	Dataframe 1
282	185.948574698242	118.497348407396	1	Dataframe 1
283	185.974253191439	118.499336661831	1	Dataframe 1
284	186	118.5	1	Dataframe 1
285	186.025746808561	118.499336661831	1	Dataframe 1
286	186.051425301758	118.497348407396	1	Dataframe 1
287	186.076967345493	118.494040512233	1	Dataframe 1
288	186.102305167716	118.489421753356	1	Dataframe 1
289	186.127371538249	118.483504385962	1	Dataframe 1
290	186.15209994717	118.476304110911	1	Dataframe 1
291	186.17642478129	118.467840033074	1	Dataframe 1
292	186.200281498245	118.458134610634	1	Dataframe 1
293	186.22360679775	118.4472135955	1	Dataframe 1
294	187.989930860439	117.564051564155	1	Dataframe 1
295	198.58786870045	123.344744931434	1	Dataframe 1
296	200.5	129.081138830084	1	Dataframe 1
297	200.5	132	1	Dataframe 1
298	200.500600025405	132.024488065967	1	Dataframe 1
299	200.502398661499	132.048917358087	1	Dataframe 1
300	200.505391591372	132.073229243577	1	Dataframe 1
301	200.509571631689	132.09736537144	1	Dataframe 1
302	200.514928749927	132.121267812518	1	Dataframe 1
303	201.514928749927	136.121267812518	1	Dataframe 1
304	201.521451202223	136.144882877339	1	Dataframe 1
305	201.52912258064	136.168150099426	1	Dataframe 1
306	201.537924467314	136.19101361756	1	Dataframe 1
307	201.547835730194	136.213418539755	1	Dataframe 1
308	201.558832573779	136.23531107505	1	Dataframe 1
309	201.570888596243	136.256638662649	1	Dataframe 1
310	201.583974852831	136.277350098113	1	Dataframe 1
311	203.529108017734	139.195049845467	1	Dataframe 1
312	204.509709662155	144.098058067569	1	Dataframe 1
313	204.515623797944	144.12401489782	1	Dataframe 1
314	204.52291110934	144.149620153753	1	Dataframe 1
315	204.531550937283	144.174801246103	1	Dataframe 1
316	204.54151878841	144.199486788081	1	Dataframe 1
317	204.5527864045	144.22360679775	1	Dataframe 1
318	207.536895158666	150.191824306081	1	Dataframe 1
319	208.519586017275	153.13989688191	1	Dataframe 1
320	209.514928749927	157.121267812518	1	Dataframe 1
321	209.522187270248	157.147292210544	1	Dataframe 1
322	209.530840918517	157.172886541587	1	Dataframe 1
323	209.540864427624	157.197976074764	1	Dataframe 1
324	209.552228530711	157.222487553114	1	Dataframe 1
325	209.564900046623	157.246349407492	1	Dataframe 1
326	209.578841976795	157.269491965539	1	Dataframe 1
327	209.594013613276	157.291847655113	1	Dataframe 1
328	209.610370657595	157.313351201589	1	Dataframe 1
329	209.627865350099	157.333939818445	1	Dataframe 1
330	209.646446609407	157.353553390593	1	Dataframe 1
331	211.646446609407	159.353553390593	1	Dataframe 1
332	211.665905083406	159.371995412211	1	Dataframe 1
333	211.686324067425	159.389367961346	1	Dataframe 1
334	211.707644857668	159.405621092588	1	Dataframe 1
335	211.729806157686	159.42070807881	1	Dataframe 1
336	211.752744254596	159.434585545508	1	Dataframe 1
337	211.77639320225	159.4472135955	1	Dataframe 1
338	213.703820426377	160.410927207563	1	Dataframe 1
339	217.646446609407	164.353553390593	1	Dataframe 1
340	217.664186568943	164.370444786064	1	Dataframe 1
341	217.68273251484	164.386447076403	1	Dataframe 1
342	217.702039934942	164.401521854487	1	Dataframe 1
343	217.722062489479	164.415632939317	1	Dataframe 1
344	217.742752122286	164.428746462856	1	Dataframe 1
345	222.617900857668	167.353835704085	1	Dataframe 1
346	225.5	173.11803398875	1	Dataframe 1
347	225.5	174	1	Dataframe 1
348	225.500694724708	174.02634847368	1	Dataframe 1
349	225.502776968261	174.052623727618	1	Dataframe 1
350	225.506240944316	174.07875274554	1	Dataframe 1
351	225.511077026834	174.10466291755	1	Dataframe 1
352	225.517271776829	174.1302822419	1	Dataframe 1
353	225.52480797972	174.155539525081	1	Dataframe 1
354	225.533664693161	174.180364579658	1	Dataframe 1
355	225.54381730524	174.204688419315	1	Dataframe 1
356	225.555237602877	174.228443450563	1	Dataframe 1
357	225.567893850218	174.251563660573	1	Dataframe 1
358	225.581750876835	174.273984800621	1	Dataframe 1
359	225.59677017545	174.295644564627	1	Dataframe 1
360	225.612910008954	174.316482762298	1	Dataframe 1
361	225.630125526381	174.336441486391	1	Dataframe 1
362	225.64836888755	174.35546527363	1	Dataframe 1
363	225.667589396006	174.373501258837	1	Dataframe 1
364	225.687733639902	174.390499321832	1	Dataframe 1
365	225.70874564042	174.406412226718	1	Dataframe 1
366	225.730567007338	174.421195753142	1	Dataframe 1
367	225.753137101284	174.434808819181	1	Dataframe 1
368	225.77639320225	174.4472135955	1	Dataframe 1
369	227.64098782067	175.37951090471	1	Dataframe 1
370	231.565878428938	182.248069469178	1	Dataframe 1
371	231.583974852831	182.277350098113	1	Dataframe 1
372	233.566707660232	185.251449309214	1	Dataframe 1
373	234.5527864045	187.22360679775	1	Dataframe 1
374	234.565414454492	187.247255745404	1	Dataframe 1
375	234.57929192119	187.270193842314	1	Dataframe 1
376	234.594378907412	187.292355142332	1	Dataframe 1
377	234.610632038654	187.313675932575	1	Dataframe 1
378	234.628004587789	187.334094916594	1	Dataframe 1
379	234.646446609407	187.353553390593	1	Dataframe 1
380	235.573877052935	188.280983834122	1	Dataframe 1
381	237.535761654557	193.185695338177	1	Dataframe 1
382	237.543879972098	193.204828025783	1	Dataframe 1
383	237.5527864045	193.22360679775	1	Dataframe 1
384	239.5527864045	197.22360679775	1	Dataframe 1
385	239.564992164193	197.246512033756	1	Dataframe 1
386	239.578370061906	197.268753037756	1	Dataframe 1
387	239.592884050606	197.290269880884	1	Dataframe 1
388	239.608495022034	197.311004585542	1	Dataframe 1
389	239.625160912092	197.330901281618	1	Dataframe 1
390	239.642836814178	197.349906357035	1	Dataframe 1
391	239.661475100192	197.367968602207	1	Dataframe 1
392	239.681025548869	197.385039348022	1	Dataframe 1
393	239.701435481102	197.401072596988	1	Dataframe 1
394	239.722649901887	197.416025147169	1	Dataframe 1
395	245.69247432953	201.395908098931	1	Dataframe 1
396	255.535549007295	210.254675308919	1	Dataframe 1
397	256.506803038084	216.082199493653	1	Dataframe 1
398	256.511763759588	216.10782102554	1	Dataframe 1
399	256.518054576548	216.133148822051	1	Dataframe 1
400	256.525658350975	216.158113883008	1	Dataframe 1
401	257.525658350975	219.158113883008	1	Dataframe 1
402	257.533664693161	219.180364579658	1	Dataframe 1
403	257.542714124865	219.202211840411	1	Dataframe 1
404	257.5527864045	219.22360679775	1	Dataframe 1
405	258.5527864045	221.22360679775	1	Dataframe 1
406	258.565414454492	221.247255745405	1	Dataframe 1
407	258.57929192119	221.270193842314	1	Dataframe 1
408	258.594378907412	221.292355142332	1	Dataframe 1
409	258.610632038654	221.313675932575	1	Dataframe 1
410	258.628004587788	221.334094916593	1	Dataframe 1
411	258.646446609407	221.353553390593	1	Dataframe 1
412	258.665905083407	221.371995412211	1	Dataframe 1
413	258.686324067424	221.389367961346	1	Dataframe 1
414	258.707644857668	221.405621092588	1	Dataframe 1
415	258.729806157686	221.42070807881	1	Dataframe 1
416	258.752744254595	221.434585545508	1	Dataframe 1
417	258.77639320225	221.4472135955	1	Dataframe 1
418	262.748550690786	223.433292339768	1	Dataframe 1
419	265.722649901887	225.416025147169	1	Dataframe 1
420	265.74459421596	225.429846351013	1	Dataframe 1
421	265.767225651888	225.442511133036	1	Dataframe 1
422	265.790483323992	225.453985420993	1	Dataframe 1
423	265.814304661823	225.464238345443	1	Dataframe 1
424	270.814304661823	227.464238345443	1	Dataframe 1
425	270.835459373248	227.472150804455	1	Dataframe 1
426	270.856949832337	227.479099832531	1	Dataframe 1
427	270.878732187482	227.485071250073	1	Dataframe 1
428	274.878732187482	228.485071250073	1	Dataframe 1
429	274.902634628559	228.490428368311	1	Dataframe 1
430	274.926770756423	228.494608408628	1	Dataframe 1
431	274.951082641913	228.497601338501	1	Dataframe 1
432	274.975511934033	228.499399974595	1	Dataframe 1
433	275	228.5	1	Dataframe 1
434	276.867217781463	228.5	1	Dataframe 1
435	283.693793801948	232.400900583134	1	Dataframe 1
436	287.646446609407	236.353553390593	1	Dataframe 1
437	287.665121403251	236.371290082603	1	Dataframe 1
438	287.684684748116	236.388041611079	1	Dataframe 1
439	287.705084735547	236.403763528309	1	Dataframe 1
440	287.726267237184	236.418414118501	1	Dataframe 1
441	287.748176048379	236.431954508473	1	Dataframe 1
442	287.77075303733	236.444348770795	1	Dataframe 1
443	287.793938299322	236.455564019117	1	Dataframe 1
444	287.817670315679	236.465570495431	1	Dataframe 1
445	287.841886116992	236.474341649025	1	Dataframe 1
446	290.729909243262	237.437016024449	1	Dataframe 1
447	294.646446609407	241.353553390593	1	Dataframe 1
448	294.665434696821	241.371572412739	1	Dataframe 1
449	294.685339804475	241.388572980728	1	Dataframe 1
450	294.706107373854	241.404508497187	1	Dataframe 1
451	294.727680482492	241.419335283973	1	Dataframe 1
452	294.75	241.433012701892	1	Dataframe 1
453	294.77300475013	241.445503262094	1	Dataframe 1
454	294.796631678462	241.456772728821	1	Dataframe 1
455	294.820816025227	241.466790213249	1	Dataframe 1
456	294.845491502813	241.475528258148	1	Dataframe 1
457	294.870590477449	241.482962913145	1	Dataframe 1
458	294.896044154591	241.489073800367	1	Dataframe 1
459	294.92178276748	241.493844170298	1	Dataframe 1
460	294.947735768366	241.497260947684	1	Dataframe 1
461	294.973832021879	241.499314767377	1	Dataframe 1
462	295	241.5	1	Dataframe 1
463	303.815037961892	241.5	1	Dataframe 1
464	310.674604313272	247.379628301183	1	Dataframe 1
465	310.694228179315	247.395605350918	1	Dataframe 1
466	310.714635264266	247.410569077744	1	Dataframe 1
467	310.735773296419	247.424481152838	1	Dataframe 1
468	310.757588131784	247.437305941131	1	Dataframe 1
469	310.780023892773	247.44901059258	1	Dataframe 1
470	310.803023111331	247.459565126321	1	Dataframe 1
471	310.826526876133	247.468942507452	1	Dataframe 1
472	310.850474983485	247.477118716292	1	Dataframe 1
473	310.874806091533	247.484072809898	1	Dataframe 1
474	310.899457877386	247.489786975715	1	Dataframe 1
475	310.924367196753	247.494246577199	1	Dataframe 1
476	310.949470245684	247.497440191308	1	Dataframe 1
477	310.974702724002	247.499359637763	1	Dataframe 1
478	311	247.5	1	Dataframe 1
479	317.938447187191	247.5	1	Dataframe 1
480	321.878732187482	248.485071250073	1	Dataframe 1
481	321.902634628559	248.490428368311	1	Dataframe 1
482	321.926770756423	248.494608408628	1	Dataframe 1
483	321.951082641913	248.497601338501	1	Dataframe 1
484	321.975511934033	248.499399974595	1	Dataframe 1
485	322	248.5	1	Dataframe 1
486	329.88196601125	248.5	1	Dataframe 1
487	331.77639320225	249.4472135955	1	Dataframe 1
488	331.799718501755	249.458134610634	1	Dataframe 1
489	331.82357521871	249.467840033074	1	Dataframe 1
490	331.84790005283	249.476304110911	1	Dataframe 1
491	331.872628461751	249.483504385962	1	Dataframe 1
492	331.897694832284	249.489421753356	1	Dataframe 1
493	331.923032654507	249.494040512233	1	Dataframe 1
494	331.948574698242	249.497348407396	1	Dataframe 1
495	331.974253191439	249.499336661831	1	Dataframe 1
496	332	249.5	1	Dataframe 1
497	335.903708798216	249.5	1	Dataframe 1
498	340.719016165878	251.426122947065	1	Dataframe 1
499	341.611437924641	252.318544705828	1	Dataframe 1
500	345.566707660232	258.251449309214	1	Dataframe 1
501	346.5527864045	260.22360679775	1	Dataframe 1
502	346.565414454492	260.247255745405	1	Dataframe 1
503	346.57929192119	260.270193842314	1	Dataframe 1
504	346.594378907412	260.292355142332	1	Dataframe 1
505	346.610632038654	260.313675932576	1	Dataframe 1
506	346.628004587788	260.334094916593	1	Dataframe 1
507	346.646446609407	260.353553390593	1	Dataframe 1
508	347.646446609407	261.353553390593	1	Dataframe 1
509	347.665905083407	261.371995412212	1	Dataframe 1
510	347.686324067424	261.389367961346	1	Dataframe 1
511	347.707644857668	261.405621092588	1	Dataframe 1
512	347.729806157686	261.42070807881	1	Dataframe 1
513	347.752744254595	261.434585545508	1	Dataframe 1
514	347.77639320225	261.4472135955	1	Dataframe 1
515	349.748550690786	262.433292339768	1	Dataframe 1
516	352.681455294172	264.388562075359	1	Dataframe 1
517	354.646446609407	266.353553390593	1	Dataframe 1
518	354.665434696821	266.371572412739	1	Dataframe 1
519	354.685339804475	266.388572980728	1	Dataframe 1
520	354.706107373854	266.404508497187	1	Dataframe 1
521	354.727680482492	266.419335283973	1	Dataframe 1
522	354.75	266.433012701892	1	Dataframe 1
523	354.77300475013	266.445503262094	1	Dataframe 1
524	354.796631678462	266.456772728821	1	Dataframe 1
525	354.820816025227	266.466790213249	1	Dataframe 1
526	354.845491502813	266.475528258148	1	Dataframe 1
527	354.870590477449	266.482962913145	1	Dataframe 1
528	354.896044154591	266.489073800367	1	Dataframe 1
529	354.92178276748	266.493844170298	1	Dataframe 1
530	354.947735768366	266.497260947684	1	Dataframe 1
531	354.973832021879	266.499314767377	1	Dataframe 1
532	355	266.5	1	Dataframe 1
533	355.026167978121	266.499314767377	1	Dataframe 1
534	355.052264231634	266.497260947684	1	Dataframe 1
535	355.07821723252	266.493844170298	1	Dataframe 1
536	355.103955845409	266.489073800367	1	Dataframe 1
537	355.129409522551	266.482962913145	1	Dataframe 1
538	355.154508497187	266.475528258148	1	Dataframe 1
539	355.179183974773	266.466790213249	1	Dataframe 1
540	355.203368321538	266.456772728821	1	Dataframe 1
541	355.22699524987	266.445503262094	1	Dataframe 1
542	355.25	266.433012701892	1	Dataframe 1
543	355.272319517508	266.419335283973	1	Dataframe 1
544	355.293892626146	266.404508497187	1	Dataframe 1
545	355.314660195525	266.388572980728	1	Dataframe 1
546	355.334565303179	266.371572412739	1	Dataframe 1
547	355.353553390593	266.353553390593	1	Dataframe 1
548	356.318544705828	265.388562075359	1	Dataframe 1
549	359.277350098113	263.416025147169	1	Dataframe 1
550	359.297534496744	263.401837309427	1	Dataframe 1
551	359.316994452803	263.386671070669	1	Dataframe 1
552	359.335682584824	263.370563357937	1	Dataframe 1
553	359.353553390593	263.353553390593	1	Dataframe 1
554	362.328427124746	260.37867965644	1	Dataframe 1
555	366.2639320225	257.427050983125	1	Dataframe 1
556	370.22360679775	255.4472135955	1	Dataframe 1
557	370.246512033756	255.435007835807	1	Dataframe 1
558	370.268753037756	255.421629938094	1	Dataframe 1
559	370.290269880884	255.407115949394	1	Dataframe 1
560	370.311004585542	255.391504977966	1	Dataframe 1
561	370.330901281618	255.374839087908	1	Dataframe 1
562	370.349906357035	255.357163185822	1	Dataframe 1
563	370.367968602207	255.338524899808	1	Dataframe 1
564	370.385039348022	255.318974451131	1	Dataframe 1
565	370.401072596988	255.298564518898	1	Dataframe 1
566	370.416025147169	255.277350098113	1	Dataframe 1
567	372.416025147169	252.277350098113	1	Dataframe 1
568	372.429111403757	252.256638662649	1	Dataframe 1
569	372.441167426221	252.23531107505	1	Dataframe 1
570	372.452164269806	252.213418539755	1	Dataframe 1
571	372.462075532686	252.19101361756	1	Dataframe 1
572	372.47087741936	252.168150099426	1	Dataframe 1
573	372.478548797777	252.144882877339	1	Dataframe 1
574	372.485071250073	252.121267812518	1	Dataframe 1
575	373.469086272141	248.185207724245	1	Dataframe 1
576	378.40307029114	239.304036490046	1	Dataframe 1
577	381.353553390593	236.353553390593	1	Dataframe 1
578	381.371572412739	236.334565303179	1	Dataframe 1
579	381.388572980728	236.314660195525	1	Dataframe 1
580	381.404508497187	236.293892626146	1	Dataframe 1
581	381.419335283973	236.272319517508	1	Dataframe 1
582	381.433012701892	236.25	1	Dataframe 1
583	381.445503262094	236.22699524987	1	Dataframe 1
584	381.456772728821	236.203368321538	1	Dataframe 1
585	381.466790213249	236.179183974773	1	Dataframe 1
586	381.475528258148	236.154508497187	1	Dataframe 1
587	381.482962913145	236.129409522551	1	Dataframe 1
588	381.489073800367	236.103955845409	1	Dataframe 1
589	381.493844170298	236.07821723252	1	Dataframe 1
590	381.497260947684	236.052264231634	1	Dataframe 1
591	381.499314767377	236.026167978121	1	Dataframe 1
592	381.5	236	1	Dataframe 1
593	381.5	233.061552812809	1	Dataframe 1
594	382.47175941203	229.174515164691	1	Dataframe 1
595	384.4472135955	225.22360679775	1	Dataframe 1
596	384.457954123859	225.200693847541	1	Dataframe 1
597	384.46752162611	225.177266830287	1	Dataframe 1
598	384.475891595583	225.153385753097	1	Dataframe 1
599	384.483042593031	225.129111786132	1	Dataframe 1
600	384.488956301537	225.104507105917	1	Dataframe 1
601	384.49361757344	225.079634736087	1	Dataframe 1
602	384.497014469128	225.054558385946	1	Dataframe 1
603	384.499138287629	225.029342287284	1	Dataframe 1
604	384.499983588888	225.004051029852	1	Dataframe 1
605	384.49954820771	224.978749395913	1	Dataframe 1
606	384.497833259301	224.953502194312	1	Dataframe 1
607	384.494843136414	224.928374094466	1	Dataframe 1
608	384.490585498097	224.903429460721	1	Dataframe 1
609	384.485071250073	224.878732187482	1	Dataframe 1
610	383.485071250073	220.878732187482	1	Dataframe 1
611	383.48076197382	220.862639436051	1	Dataframe 1
612	381.483050680978	213.870649911102	1	Dataframe 1
613	380.5	209.938447187191	1	Dataframe 1
614	380.5	208.031128874149	1	Dataframe 1
615	381.489998008813	200.111144803645	1	Dataframe 1
616	382.463104841334	197.191824306081	1	Dataframe 1
617	383.433292339768	195.251449309214	1	Dataframe 1
618	385.388562075359	192.318544705828	1	Dataframe 1
619	386.353553390593	191.353553390593	1	Dataframe 1
620	386.371572412739	191.334565303179	1	Dataframe 1
621	386.388572980728	191.314660195525	1	Dataframe 1
622	386.404508497187	191.293892626146	1	Dataframe 1
623	386.419335283973	191.272319517508	1	Dataframe 1
624	386.433012701892	191.25	1	Dataframe 1
625	386.445503262094	191.22699524987	1	Dataframe 1
626	386.456772728821	191.203368321538	1	Dataframe 1
627	386.466790213249	191.179183974773	1	Dataframe 1
628	386.475528258148	191.154508497187	1	Dataframe 1
629	386.482962913145	191.129409522551	1	Dataframe 1
630	386.489073800367	191.103955845409	1	Dataframe 1
631	386.493844170298	191.07821723252	1	Dataframe 1
632	386.497260947684	191.052264231634	1	Dataframe 1
633	386.499314767377	191.026167978121	1	Dataframe 1
634	386.5	191	1	Dataframe 1
635	386.5	181	1	Dataframe 1
636	386.499399974595	180.975511934033	1	Dataframe 1
637	386.497601338501	180.951082641913	1	Dataframe 1
638	386.494608408628	180.926770756423	1	Dataframe 1
639	386.490428368311	180.90263462856	1	Dataframe 1
640	386.485071250073	180.878732187482	1	Dataframe 1
641	385.5	176.938447187191	1	Dataframe 1
642	385.5	176.041381265149	1	Dataframe 1
643	387.4808368191	164.15636035055	1	Dataframe 1
644	388.4472135955	162.22360679775	1	Dataframe 1
645	388.458763389514	162.19883699968	1	Dataframe 1
646	388.468942507452	162.173473123867	1	Dataframe 1
647	388.477720536527	162.147590951552	1	Dataframe 1
648	388.485071250073	162.121267812518	1	Dataframe 1
649	390.485071250073	154.121267812518	1	Dataframe 1
650	390.490428368311	154.09736537144	1	Dataframe 1
651	390.494608408628	154.073229243577	1	Dataframe 1
652	390.497601338501	154.048917358087	1	Dataframe 1
653	390.499399974595	154.024488065967	1	Dataframe 1
654	390.5	154	1	Dataframe 1
655	390.5	148	1	Dataframe 1
656	390.499399974595	147.975511934033	1	Dataframe 1
657	390.497601338501	147.951082641913	1	Dataframe 1
658	390.494608408628	147.926770756423	1	Dataframe 1
659	390.490428368311	147.90263462856	1	Dataframe 1
660	390.485071250073	147.878732187482	1	Dataframe 1
661	389.5	143.938447187191	1	Dataframe 1
662	389.5	142	1	Dataframe 1
663	389.499331254734	141.974148538814	1	Dataframe 1
664	389.497326807818	141.948366229797	1	Dataframe 1
665	389.493992021109	141.922722040138	1	Dataframe 1
666	389.489335815099	141.897284567558	1	Dataframe 1
667	389.483370645049	141.872121856814	1	Dataframe 1
668	389.476112467678	141.847301217682	1	Dataframe 1
669	389.467580698472	141.822889044901	1	Dataframe 1
670	389.457798159753	141.798950640571	1	Dataframe 1
671	389.446791019625	141.775550039469	1	Dataframe 1
672	389.434588721981	141.752749837762	1	Dataframe 1
673	389.421223907736	141.730611025557	1	Dataframe 1
674	389.406732327514	141.709192823757	1	Dataframe 1
675	389.391152746019	141.688552525646	1	Dataframe 1
676	389.374526838335	141.668745343631	1	Dataframe 1
677	389.356899078452	141.649824261548	1	Dataframe 1
678	389.338316620292	141.631839892935	1	Dataframe 1
679	389.31882917158	141.614840345636	1	Dataframe 1
680	389.298488860871	141.598871093119	1	Dataframe 1
681	389.277350098113	141.583974852831	1	Dataframe 1
682	386.318544705828	139.611437924641	1	Dataframe 1
683	385.353553390593	138.646446609407	1	Dataframe 1
684	385.334565303179	138.628427587261	1	Dataframe 1
685	385.314660195525	138.611427019272	1	Dataframe 1
686	385.293892626146	138.595491502813	1	Dataframe 1
687	385.272319517508	138.580664716027	1	Dataframe 1
688	385.25	138.566987298108	1	Dataframe 1
689	385.22699524987	138.554496737906	1	Dataframe 1
690	385.203368321538	138.543227271179	1	Dataframe 1
691	385.179183974773	138.533209786751	1	Dataframe 1
692	385.154508497187	138.524471741852	1	Dataframe 1
693	385.129409522551	138.517037086855	1	Dataframe 1
694	385.103955845409	138.510926199633	1	Dataframe 1
695	385.07821723252	138.506155829702	1	Dataframe 1
696	385.052264231634	138.502739052316	1	Dataframe 1
697	385.026167978121	138.500685232623	1	Dataframe 1
698	385	138.5	1	Dataframe 1
699	376.061552812809	138.5	1	Dataframe 1
700	372.2052888225	137.535934002423	1	Dataframe 1
701	369.375560313194	135.649448329552	1	Dataframe 1
702	365.533797396756	128.926363225785	1	Dataframe 1
703	366.485071250073	125.121267812518	1	Dataframe 1
704	366.490585498097	125.096570539279	1	Dataframe 1
705	366.494843136414	125.071625905534	1	Dataframe 1
706	366.497833259301	125.046497805688	1	Dataframe 1
707	366.49954820771	125.021250604087	1	Dataframe 1
708	366.499983588888	124.995948970148	1	Dataframe 1
709	366.499138287629	124.970657712716	1	Dataframe 1
710	366.497014469128	124.945441614054	1	Dataframe 1
711	366.49361757344	124.920365263913	1	Dataframe 1
712	366.488956301537	124.895492894082	1	Dataframe 1
713	366.483042593031	124.870888213868	1	Dataframe 1
714	366.475891595583	124.846614246903	1	Dataframe 1
715	366.46752162611	124.822733169713	1	Dataframe 1
716	366.457954123859	124.799306152459	1	Dataframe 1
717	366.4472135955	124.77639320225	1	Dataframe 1
718	365.4472135955	122.77639320225	1	Dataframe 1
719	365.432455046559	122.749036590903	1	Dataframe 1
720	365.416025147169	122.722649901887	1	Dataframe 1
721	363.433292339768	119.748550690786	1	Dataframe 1
722	362.4472135955	117.77639320225	1	Dataframe 1
723	362.434585545508	117.752744254595	1	Dataframe 1
724	362.42070807881	117.729806157686	1	Dataframe 1
725	362.405621092588	117.707644857668	1	Dataframe 1
726	362.389367961346	117.686324067425	1	Dataframe 1
727	362.371995412212	117.665905083407	1	Dataframe 1
728	362.353553390593	117.646446609407	1	Dataframe 1
729	359.410927207563	114.703820426377	1	Dataframe 1
730	356.5	108.88196601125	1	Dataframe 1
731	356.5	74	1	Dataframe 1
732	356.499281259628	73.9732003025382	1	Dataframe 1
733	356.497127104864	73.9464776531744	1	Dataframe 1
734	356.493543728819	73.9199088784965	1	Dataframe 1
735	356.488541433561	73.8935703627084	1	Dataframe 1
736	356.482134600497	73.8675378280285	1	Dataframe 1
737	356.474341649025	73.8418861169916	1	Dataframe 1
738	355.474341649025	70.8418861169916	1	Dataframe 1
739	355.465570495431	70.8176703156792	1	Dataframe 1
740	355.455564019117	70.7939382993224	1	Dataframe 1
741	355.444348770795	70.7707530373301	1	Dataframe 1
742	355.431954508473	70.7481760483793	1	Dataframe 1
743	355.418414118501	70.726267237184	1	Dataframe 1
744	355.403763528309	70.705084735547	1	Dataframe 1
745	355.388041611079	70.6846847481156	1	Dataframe 1
746	355.371290082603	70.665121403251	1	Dataframe 1
747	355.353553390593	70.6464466094067	1	Dataframe 1
748	350.353553390593	65.6464466094067	1	Dataframe 1
749	350.334094916593	65.6280045877885	1	Dataframe 1
750	350.313675932575	65.6106320386538	1	Dataframe 1
751	350.292355142332	65.5943789074122	1	Dataframe 1
752	350.270193842314	65.5792919211902	1	Dataframe 1
753	350.247255745405	65.565414454492	1	Dataframe 1
754	350.22360679775	65.5527864045	1	Dataframe 1
755	346.296179573623	63.5890727924366	1	Dataframe 1
756	339.388562075359	56.6814552941723	1	Dataframe 1
757	337.433292339768	53.7485506907856	1	Dataframe 1
758	336.4472135955	51.77639320225	1	Dataframe 1
759	336.434585545508	51.7527442545955	1	Dataframe 1
760	336.42070807881	51.7298061576865	1	Dataframe 1
761	336.405621092588	51.7076448576681	1	Dataframe 1
762	336.389367961346	51.6863240674245	1	Dataframe 1
763	336.371995412212	51.6659050834065	1	Dataframe 1
764	336.353553390593	51.6464466094067	1	Dataframe 1
765	332.353553390593	47.6464466094067	1	Dataframe 1
766	332.334565303179	47.6284275872613	1	Dataframe 1
767	332.314660195525	47.6114270192715	1	Dataframe 1
768	332.293892626146	47.5954915028125	1	Dataframe 1
769	332.272319517508	47.5806647160273	1	Dataframe 1
770	332.25	47.5669872981078	1	Dataframe 1
771	332.22699524987	47.5544967379058	1	Dataframe 1
772	332.203368321538	47.5432272711787	1	Dataframe 1
773	332.179183974773	47.5332097867514	1	Dataframe 1
774	332.154508497187	47.5244717418524	1	Dataframe 1
775	332.129409522551	47.5170370868555	1	Dataframe 1
776	332.103955845409	47.5109261996331	1	Dataframe 1
777	332.07821723252	47.5061558297024	1	Dataframe 1
778	332.052264231634	47.5027390523159	1	Dataframe 1
779	332.026167978121	47.5006852326227	1	Dataframe 1
780	332	47.5	1	Dataframe 1
781	330	47.5	1	Dataframe 1
782	329.973832021879	47.5006852326227	1	Dataframe 1
783	329.947735768366	47.5027390523159	1	Dataframe 1
784	329.92178276748	47.5061558297024	1	Dataframe 1
785	329.896044154591	47.5109261996331	1	Dataframe 1
786	329.870590477449	47.5170370868555	1	Dataframe 1
787	329.845491502813	47.5244717418524	1	Dataframe 1
788	329.820816025227	47.5332097867514	1	Dataframe 1
789	329.796631678462	47.5432272711787	1	Dataframe 1
790	329.77300475013	47.5544967379058	1	Dataframe 1
791	329.75	47.5669872981078	1	Dataframe 1
792	329.727680482492	47.5806647160273	1	Dataframe 1
793	329.706107373854	47.5954915028125	1	Dataframe 1
794	329.685339804475	47.6114270192715	1	Dataframe 1
795	329.665434696821	47.6284275872613	1	Dataframe 1
796	329.646446609407	47.6464466094067	1	Dataframe 1
797	328.703820426377	48.5890727924366	1	Dataframe 1
798	324.808175693919	50.5368951586657	1	Dataframe 1
799	321.841886116992	51.5256583509747	1	Dataframe 1
800	321.817670315679	51.5344295045694	1	Dataframe 1
801	321.793938299322	51.5444359808832	1	Dataframe 1
802	321.77075303733	51.5556512292054	1	Dataframe 1
803	321.748176048379	51.568045491527	1	Dataframe 1
804	321.726267237184	51.5815858814988	1	Dataframe 1
805	321.705084735547	51.5962364716909	1	Dataframe 1
806	321.684684748116	51.6119583889206	1	Dataframe 1
807	321.665121403251	51.6287099173969	1	Dataframe 1
808	321.646446609407	51.6464466094067	1	Dataframe 1
809	319.646446609407	53.6464466094067	1	Dataframe 1
810	319.628004587788	53.6659050834065	1	Dataframe 1
811	319.610632038654	53.6863240674245	1	Dataframe 1
812	319.594378907412	53.7076448576681	1	Dataframe 1
813	319.57929192119	53.7298061576865	1	Dataframe 1
814	319.565414454492	53.7527442545955	1	Dataframe 1
815	319.5527864045	53.77639320225	1	Dataframe 1
816	318.5527864045	55.77639320225	1	Dataframe 1
817	318.541926663236	55.7995783990036	1	Dataframe 1
818	318.532267967044	55.8232890910367	1	Dataframe 1
819	318.523835640535	55.8474631101166	1	Dataframe 1
820	318.516651792843	55.8720370731904	1	Dataframe 1
821	318.510735259651	55.8969465485726	1	Dataframe 1
822	318.50610155381	55.9221262248812	1	Dataframe 1
823	318.502762824662	55.9475100822811	1	Dataframe 1
824	318.500727826186	55.9730315655849	1	Dataframe 1
825	318.500001894044	55.9986237587568	1	Dataframe 1
826	318.500586931593	56.0242195603635	1	Dataframe 1
827	318.502481404895	56.0497518595105	1	Dataframe 1
828	319.5	66.0249378105607	1	Dataframe 1
829	319.5	68.7453877041484	1	Dataframe 1
830	309.01444651231	76.3712447861047	1	Dataframe 1
831	304.333971787216	72.6268650060299	1	Dataframe 1
832	302.353553390593	70.6464466094067	1	Dataframe 1
833	302.334094916593	70.6280045877885	1	Dataframe 1
834	302.313675932575	70.6106320386538	1	Dataframe 1
835	302.292355142332	70.5943789074122	1	Dataframe 1
836	302.270193842314	70.5792919211902	1	Dataframe 1
837	302.247255745405	70.565414454492	1	Dataframe 1
838	302.22360679775	70.5527864045	1	Dataframe 1
839	300.22360679775	69.5527864045	1	Dataframe 1
840	300.200281498245	69.5418653893658	1	Dataframe 1
841	300.17642478129	69.5321599669259	1	Dataframe 1
842	300.15209994717	69.523695889089	1	Dataframe 1
843	300.127371538249	69.5164956140385	1	Dataframe 1
844	300.102305167716	69.5105782466435	1	Dataframe 1
845	300.076967345493	69.5059594877667	1	Dataframe 1
846	300.051425301758	69.5026515926042	1	Dataframe 1
847	300.025746808561	69.5006633381686	1	Dataframe 1
848	300	69.5	1	Dataframe 1
849	299.15761111541	69.5	1	Dataframe 1
850	289.422091760564	62.6851364516082	1	Dataframe 1
851	287.5	56.9188611699159	1	Dataframe 1
852	287.5	56	1	Dataframe 1
853	287.499305275292	55.9736515263198	1	Dataframe 1
854	287.497223031739	55.9473762723824	1	Dataframe 1
855	287.493759055684	55.92124725446	1	Dataframe 1
856	287.488922973166	55.8953370824502	1	Dataframe 1
857	287.482728223171	55.8697177580996	1	Dataframe 1
858	287.47519202028	55.8444604749187	1	Dataframe 1
859	287.466335306839	55.8196354203422	1	Dataframe 1
860	287.45618269476	55.7953115806852	1	Dataframe 1
861	287.444762397123	55.7715565494372	1	Dataframe 1
862	287.432106149782	55.748436339427	1	Dataframe 1
863	287.418249123165	55.726015199379	1	Dataframe 1
864	287.40322982455	55.7043554353731	1	Dataframe 1
865	287.387089991046	55.6835172377022	1	Dataframe 1
866	287.369874473619	55.6635585136093	1	Dataframe 1
867	287.35163111245	55.6445347263696	1	Dataframe 1
868	287.332410603994	55.6264987411632	1	Dataframe 1
869	287.312266360098	55.6095006781683	1	Dataframe 1
870	287.29125435958	55.5935877732822	1	Dataframe 1
871	287.269432992662	55.5788042468578	1	Dataframe 1
872	287.246862898716	55.5651911808193	1	Dataframe 1
873	287.22360679775	55.5527864045	1	Dataframe 1
874	285.296179573623	54.5890727924366	1	Dataframe 1
875	281.437016024449	50.7299092432622	1	Dataframe 1
876	280.474341649025	47.8418861169916	1	Dataframe 1
877	280.465247489794	47.8168476774918	1	Dataframe 1
878	280.454832721498	47.7923291174601	1	Dataframe 1
879	280.443126906547	47.7684000330432	1	Dataframe 1
880	280.430163271999	47.7451283471564	1	Dataframe 1
881	280.415978615244	47.7225801166836	1	Dataframe 1
882	280.400613199555	47.7008193449738	1	Dataframe 1
883	280.384110639799	47.6799078001678	1	Dataframe 1
884	275.444507701385	41.7523842740717	1	Dataframe 1
885	274.474341649025	38.8418861169916	1	Dataframe 1
886	274.466335306839	38.8196354203422	1	Dataframe 1
887	274.457285875135	38.7977881595892	1	Dataframe 1
888	274.4472135955	38.77639320225	1	Dataframe 1
889	273.4472135955	36.77639320225	1	Dataframe 1
890	273.428746462856	36.7427521222862	1	Dataframe 1
891	270.428746462856	31.7427521222862	1	Dataframe 1
892	270.415632939317	31.7220624894793	1	Dataframe 1
893	270.401521854487	31.702039934942	1	Dataframe 1
894	270.386447076403	31.6827325148398	1	Dataframe 1
895	270.370444786064	31.6641865689431	1	Dataframe 1
896	270.353553390593	31.6464466094067	1	Dataframe 1
897	268.37867965644	29.6715728752537	1	Dataframe 1
898	265.4	25.7	1	Dataframe 1
899	265.384021244329	25.6798005560527	1	Dataframe 1
900	265.367023544862	25.6604507141563	1	Dataframe 1
901	265.349052002491	25.6420018162656	1	Dataframe 1
902	265.330154302055	25.6245028138131	1	Dataframe 1
903	265.31038058582	25.6080001378237	1	Dataframe 1
904	265.289783320427	25.592537575717	1	Dataframe 1
905	265.268417157685	25.5781561551235	1	Dataframe 1
906	265.246338789561	25.5648940350239	1	Dataframe 1
907	265.22360679775	25.5527864045	1	Dataframe 1
908	265.200281498245	25.5418653893658	1	Dataframe 1
909	265.17642478129	25.5321599669259	1	Dataframe 1
910	265.15209994717	25.523695889089	1	Dataframe 1
911	265.127371538249	25.5164956140385	1	Dataframe 1
912	265.102305167716	25.5105782466435	1	Dataframe 1
913	265.076967345493	25.5059594877667	1	Dataframe 1
914	265.051425301758	25.5026515926042	1	Dataframe 1
915	265.025746808561	25.5006633381686	1	Dataframe 1
916	265	25.5	1	Dataframe 1
917	264.096291201784	25.5	1	Dataframe 1
918	259.280983834122	23.5738770529353	1	Dataframe 1
919	251.553731918799	15.8466251376125	1	Dataframe 1
920	252.485071250073	12.1212678125182	1	Dataframe 1
921	252.490428368311	12.0973653714405	1	Dataframe 1
922	252.494608408628	12.073229243577	1	Dataframe 1
923	252.497601338501	12.0489173580872	1	Dataframe 1
924	252.499399974595	12.024488065967	1	Dataframe 1
925	252.5	12	1	Dataframe 1
926	252.5	10	1	Dataframe 1
927	252.499314767377	9.97383202187853	1	Dataframe 1
928	252.497260947684	9.94773576836617	1	Dataframe 1
929	252.493844170298	9.92178276747988	1	Dataframe 1
930	252.489073800367	9.89604415459112	1	Dataframe 1
931	252.482962913145	9.87059047744874	1	Dataframe 1
932	252.475528258148	9.84549150281253	1	Dataframe 1
933	252.466790213249	9.82081602522735	1	Dataframe 1
934	252.456772728821	9.7966316784621	1	Dataframe 1
935	252.445503262094	9.77300475013023	1	Dataframe 1
936	252.433012701892	9.75	1	Dataframe 1
937	252.419335283973	9.72768048249249	1	Dataframe 1
938	252.404508497187	9.70610737385377	1	Dataframe 1
939	252.388572980728	9.68533980447508	1	Dataframe 1
940	252.371572412739	9.66543469682057	1	Dataframe 1
941	252.353553390593	9.64644660940673	1	Dataframe 1
942	247.353553390593	4.64644660940673	1	Dataframe 1
943	247.334094916594	4.62800458778852	1	Dataframe 1
944	247.313675932575	4.61063203865378	1	Dataframe 1
945	247.292355142332	4.59437890741222	1	Dataframe 1
946	247.270193842314	4.57929192119018	1	Dataframe 1
947	247.247255745404	4.56541445449202	1	Dataframe 1
948	247.22360679775	4.55278640450004	1	Dataframe 1
949	245.22360679775	3.55278640450004	1	Dataframe 1
950	245.200281498245	3.54186538936583	1	Dataframe 1
951	245.17642478129	3.53215996692594	1	Dataframe 1
952	245.15209994717	3.52369588908897	1	Dataframe 1
953	245.127371538249	3.51649561403847	1	Dataframe 1
954	245.102305167716	3.51057824664351	1	Dataframe 1
955	245.076967345493	3.50595948776668	1	Dataframe 1
956	245.051425301758	3.50265159260422	1	Dataframe 1
957	245.025746808561	3.50066333816858	1	Dataframe 1
958	245	3.5	1	Dataframe 1
959	225.049509756796	3.5	1	Dataframe 1
960	220.109725036859	2.51204305601244	1	Dataframe 1
961	216.121267812518	1.51492874992733	1	Dataframe 1
962	216.09736537144	1.50957163168893	1	Dataframe 1
963	216.073229243577	1.50539159137238	1	Dataframe 1
964	216.048917358087	1.50239866149922	1	Dataframe 1
965	216.024488065967	1.50060002540529	1	Dataframe 1
966	216	1.5	1	Dataframe 1
967	209.061552812809	1.5	1	Dataframe 1
968	205.121267812518	0.514928749927334	1	Dataframe 1
969	205.09736537144	0.509571631688933	1	Dataframe 1
970	205.073229243577	0.505391591372381	1	Dataframe 1
971	205.048917358087	0.502398661499221	1	Dataframe 1
972	205.024488065967	0.500600025405292	1	Dataframe 1
973	205	0.5	1	Dataframe 1
974	183	0.5	1	Dataframe 1
975	182.973832021879	0.500685232622713	1	Dataframe 1
976	182.947735768366	0.502739052315863	1	Dataframe 1
977	182.92178276748	0.506155829702431	1	Dataframe 1
978	182.896044154591	0.510926199633097	1	Dataframe 1
979	182.870590477449	0.517037086855466	1	Dataframe 1
980	182.845491502813	0.524471741852423	1	Dataframe 1
981	182.820816025227	0.533209786751399	1	Dataframe 1
982	182.796631678462	0.5432272711787	1	Dataframe 1
983	182.77300475013	0.554496737905817	1	Dataframe 1
984	182.75	0.566987298107781	1	Dataframe 1
985	182.727680482492	0.580664716027289	1	Dataframe 1
986	182.706107373854	0.595491502812527	1	Dataframe 1
987	182.685339804475	0.611427019271516	1	Dataframe 1
988	182.665434696821	0.628427587261304	1	Dataframe 1
989	182.646446609407	0.646446609406726	1	Dataframe 1
990	181.719016165878	1.57387705293528	1	Dataframe 1
991	176.903708798216	3.5	1	Dataframe 1
992	172	3.5	1	Dataframe 1
993	171.974253191439	3.50066333816858	1	Dataframe 1
994	171.948574698242	3.50265159260422	1	Dataframe 1
995	171.923032654507	3.50595948776668	1	Dataframe 1
996	171.897694832284	3.51057824664351	1	Dataframe 1
997	171.872628461751	3.51649561403847	1	Dataframe 1
998	171.84790005283	3.52369588908897	1	Dataframe 1
999	171.82357521871	3.53215996692594	1	Dataframe 1
1000	171.799718501755	3.54186538936583	1	Dataframe 1
1001	171.77639320225	3.55278640450004	1	Dataframe 1
1002	169.825484835309	4.52824058797052	1	Dataframe 1
1003	165.938447187191	5.5	1	Dataframe 1
1004	165.061552812809	5.5	1	Dataframe 1
1005	161.121267812518	4.51492874992733	1	Dataframe 1
1006	161.09736537144	4.50957163168893	1	Dataframe 1
1007	161.073229243577	4.50539159137238	1	Dataframe 1
1008	161.048917358087	4.50239866149922	1	Dataframe 1
1009	161.024488065967	4.50060002540529	1	Dataframe 1
1010	161	4.5	1	Dataframe 1
1011	144	4.5	1	Dataframe 1
1012	143.975511934033	4.50060002540529	1	Dataframe 1
1013	143.951082641913	4.50239866149922	1	Dataframe 1
1014	143.926770756423	4.50539159137238	1	Dataframe 1
1015	143.90263462856	4.50957163168893	1	Dataframe 1
1016	143.878732187482	4.51492874992733	1	Dataframe 1
1017	139.938447187191	5.5	1	Dataframe 1
1018	136	5.5	1	Dataframe 1
1019	135.975511934033	5.50060002540529	1	Dataframe 1
1020	135.951082641913	5.50239866149922	1	Dataframe 1
1021	135.926770756423	5.50539159137238	1	Dataframe 1
1022	135.90263462856	5.50957163168893	1	Dataframe 1
1023	135.878732187482	5.51492874992733	1	Dataframe 1
1024	127.938447187191	7.5	1	Dataframe 1
1025	113	7.5	1	Dataframe 1
1026	112.975511934033	7.50060002540529	1	Dataframe 1
1027	112.951082641913	7.50239866149922	1	Dataframe 1
1028	112.926770756423	7.50539159137238	1	Dataframe 1
1029	112.90263462856	7.50957163168893	1	Dataframe 1
1030	112.878732187482	7.51492874992733	1	Dataframe 1
1031	108.938447187191	8.5	1	Dataframe 1
1032	88	8.5	1	Dataframe 1
1033	87.9742531914394	8.50066333816858	1	Dataframe 1
1034	87.9485746982422	8.50265159260422	1	Dataframe 1
1035	87.923032654507	8.50595948776668	1	Dataframe 1
1036	87.8976948322837	8.51057824664351	1	Dataframe 1
1037	87.8726284617508	8.51649561403847	1	Dataframe 1
1038	87.8479000528295	8.52369588908897	1	Dataframe 1
1039	87.8235752187099	8.53215996692595	1	Dataframe 1
1040	87.7997185017555	8.54186538936583	1	Dataframe 1
1041	87.77639320225	8.55278640450004	1	Dataframe 1
1042	85.8081756939187	9.5368951586657	1	Dataframe 1
1043	82.8418861169916	10.5256583509747	1	Dataframe 1
1044	82.8196354203422	10.5336646931608	1	Dataframe 1
1045	82.7977881595892	10.5427141248653	1	Dataframe 1
1046	82.77639320225	10.5527864045	1	Dataframe 1
1047	78.825484835309	12.5282405879705	1	Dataframe 1
1048	74.9384471871912	13.5	1	Dataframe 1
1049	46	13.5	1	Dataframe 1
1050	45.9732003025382	13.5007187403718	1	Dataframe 1
1051	45.9464776531744	13.5028728951362	1	Dataframe 1
1052	45.9199088784965	13.5064562711813	1	Dataframe 1
1053	45.8935703627084	13.5114585664389	1	Dataframe 1
1054	45.8675378280285	13.5178653995028	1	Dataframe 1
1055	45.8418861169916	13.5256583509747	1	Dataframe 1
1056	42.8601031180897	14.5195860172754	1	Dataframe 1
1057	38.9384471871912	15.5	1	Dataframe 1
1058	34	15.5	1	Dataframe 1
1059	33.9742531914394	15.5006633381686	1	Dataframe 1
1060	33.9485746982422	15.5026515926042	1	Dataframe 1
1061	33.923032654507	15.5059594877667	1	Dataframe 1
1062	33.8976948322837	15.5105782466435	1	Dataframe 1
1063	33.8726284617508	15.5164956140385	1	Dataframe 1
1064	33.8479000528295	15.523695889089	1	Dataframe 1
1065	33.8235752187099	15.5321599669259	1	Dataframe 1
1066	33.7997185017555	15.5418653893658	1	Dataframe 1
1067	33.77639320225	15.5527864045	1	Dataframe 1
1068	31.77639320225	16.5527864045	1	Dataframe 1
1069	31.7527442545955	16.565414454492	1	Dataframe 1
1070	31.7298061576865	16.5792919211902	1	Dataframe 1
1071	31.7076448576681	16.5943789074122	1	Dataframe 1
1072	31.6863240674245	16.6106320386538	1	Dataframe 1
1073	31.6659050834065	16.6280045877885	1	Dataframe 1
1074	31.6464466094067	16.6464466094067	1	Dataframe 1
1075	30.6814552941724	17.6114379246411	1	Dataframe 1
1076	27.7226499018874	19.5839748528311	1	Dataframe 1
1077	27.7024655032564	19.598162690573	1	Dataframe 1
1078	27.6830055471972	19.613328929331	1	Dataframe 1
1079	27.6643174151759	19.6294366420626	1	Dataframe 1
1080	27.6464466094067	19.6464466094067	1	Dataframe 1
1081	21.7190161658782	25.5738770529353	1	Dataframe 1
1082	16.8143046618229	27.5357616545574	1	Dataframe 1
1083	16.7904833239918	27.5460145790067	1	Dataframe 1
1084	16.7672256518877	27.5574888669639	1	Dataframe 1
1085	16.7445942159603	27.5701536489871	1	Dataframe 1
1086	16.7226499018874	27.5839748528311	1	Dataframe 1
1087	13.7226499018874	29.5839748528311	1	Dataframe 1
1088	13.7024655032564	29.598162690573	1	Dataframe 1
1089	13.6830055471972	29.613328929331	1	Dataframe 1
1090	13.6643174151759	29.6294366420626	1	Dataframe 1
1091	13.6464466094067	29.6464466094067	1	Dataframe 1
1092	9.64644660940673	33.6464466094067	1	Dataframe 1
1093	9.6284275872613	33.6654346968206	1	Dataframe 1
1094	9.61142701927152	33.6853398044751	1	Dataframe 1
1095	9.59549150281253	33.7061073738538	1	Dataframe 1
1096	9.58066471602729	33.7276804824925	1	Dataframe 1
1097	9.56698729810778	33.75	1	Dataframe 1
1098	9.55449673790582	33.7730047501302	1	Dataframe 1
1099	9.5432272711787	33.7966316784621	1	Dataframe 1
1100	9.5332097867514	33.8208160252274	1	Dataframe 1
1101	9.52447174185242	33.8454915028125	1	Dataframe 1
1102	9.51703708685547	33.8705904774487	1	Dataframe 1
1103	9.5109261996331	33.8960441545911	1	Dataframe 1
1104	9.50615582970243	33.9217827674799	1	Dataframe 1
1105	9.50273905231586	33.9477357683662	1	Dataframe 1
1106	9.50068523262271	33.9738320218785	1	Dataframe 1
1107	9.5	34	1	Dataframe 1
1108	9.5	36.9384471871912	1	Dataframe 1
1109	6.54851798945924	48.7443752293542	1	Dataframe 1
1110	3.64644660940673	51.6464466094067	1	Dataframe 1
1111	3.62800458778852	51.6659050834065	1	Dataframe 1
1112	3.61063203865379	51.6863240674245	1	Dataframe 1
1113	3.59437890741222	51.7076448576681	1	Dataframe 1
1114	3.57929192119019	51.7298061576865	1	Dataframe 1
1115	3.56541445449203	51.7527442545955	1	Dataframe 1
1116	3.55278640450004	51.77639320225	1	Dataframe 1
1117	2.55278640450004	53.77639320225	1	Dataframe 1
1118	2.54169661960729	53.8001049987603	1	Dataframe 1
1119	2.53186301242392	53.8243646935745	1	Dataframe 1
1120	2.52331253618368	53.8491057925553	1	Dataframe 1
1121	2.51606862714763	53.8742604820702	1	Dataframe 1
1122	2.51015114036692	53.8997598148637	1	Dataframe 1
1123	2.50557629526147	53.925533899037	1	Dataframe 1
1124	2.50235663116375	53.951512089617	1	Dataframe 1
1125	2.50050097294924	53.977623182189	1	Dataframe 1
1126	2.50001440684813	54.0037956080632	1	Dataframe 1
1127	2.50089826650427	54.0299576304396	1	Dataframe 1
1128	2.50315012931979	54.0560375410333	1	Dataframe 1
1129	2.50676382309523	54.0819638566221	1	Dataframe 1
1130	2.51172944294714	54.1076655149771	1	Dataframe 1
1131	2.51803337845666	54.1330720696393	1	Dataframe 1
1132	2.52565835097474	54.1581138830084	1	Dataframe 1
1133	4.47961547958671	60.0199852688443	1	Dataframe 1
1134	3.5231589259832	63.8458114832584	1	Dataframe 1
1135	1.57387705293528	68.7190161658782	1	Dataframe 1
1136	0.646446609406726	69.6464466094067	1	Dataframe 1
1137	0.628427587261304	69.6654346968206	1	Dataframe 1
1138	0.611427019271516	69.6853398044751	1	Dataframe 1
1139	0.595491502812527	69.7061073738538	1	Dataframe 1
1140	0.580664716027289	69.7276804824925	1	Dataframe 1
1141	0.566987298107781	69.75	1	Dataframe 1
1142	0.554496737905817	69.7730047501302	1	Dataframe 1
1143	0.5432272711787	69.7966316784621	1	Dataframe 1
1144	0.533209786751399	69.8208160252273	1	Dataframe 1
1145	0.524471741852423	69.8454915028125	1	Dataframe 1
1146	0.517037086855466	69.8705904774487	1	Dataframe 1
1147	0.510926199633097	69.8960441545911	1	Dataframe 1
1148	0.506155829702431	69.9217827674799	1	Dataframe 1
1149	0.502739052315863	69.9477357683662	1	Dataframe 1
1150	0.500685232622713	69.9738320218785	1	Dataframe 1
1151	0.5	70	1	Dataframe 1
1152	0.5	78	1	Dataframe 1
1153	357.5527864045	311.77639320225	8	Dataframe 2
1154	357.541759870063	311.799960045703	8	Dataframe 2
1155	357.531974214287	311.824068581806	8	Dataframe 2
1156	357.523455935967	311.848653526518	8	Dataframe 2
1157	357.51622810194	311.873648305719	8	Dataframe 2
1158	357.510310284618	311.898985235489	8	Dataframe 2
1159	357.505718508991	311.924595705391	8	Dataframe 2
1160	357.502465209229	311.950410364263	8	Dataframe 2
1161	357.500559195017	311.976359308015	8	Dataframe 2
1162	357.500005627692	312.002372268924	8	Dataframe 2
1163	357.500806006271	312.028378805913	8	Dataframe 2
1164	357.502958163392	312.054308495301	8	Dataframe 2
1165	357.506456271181	312.080091121503	8	Dataframe 2
1166	357.511290857033	312.105656867173	8	Dataframe 2
1167	357.517448829266	312.130936502258	8	Dataframe 2
1168	357.524913512569	312.155861571469	8	Dataframe 2
1169	357.533664693161	312.180364579658	8	Dataframe 2
1170	357.543678673523	312.204379174581	8	Dataframe 2
1171	357.554928336576	312.227840326582	8	Dataframe 2
1172	357.567383219106	312.250684504685	8	Dataframe 2
1173	357.581009594259	312.27284984863	8	Dataframe 2
1174	357.595770562871	312.294276336388	8	Dataframe 2
1175	357.611626153385	312.314905946697	8	Dataframe 2
1176	357.628533430094	312.334682816174	8	Dataframe 2
1177	357.646446609407	312.353553390593	8	Dataframe 2
1178	358.611437924641	313.318544705828	8	Dataframe 2
1179	360.583974852831	316.277350098113	8	Dataframe 2
1180	360.598162690573	316.297534496744	8	Dataframe 2
1181	360.613328929331	316.316994452803	8	Dataframe 2
1182	360.629436642063	316.335682584824	8	Dataframe 2
1183	360.646446609407	316.353553390593	8	Dataframe 2
1184	364.646446609407	320.353553390593	8	Dataframe 2
1185	364.665905083407	320.371995412212	8	Dataframe 2
1186	364.686324067424	320.389367961346	8	Dataframe 2
1187	364.707644857668	320.405621092588	8	Dataframe 2
1188	364.729806157686	320.42070807881	8	Dataframe 2
1189	364.752744254595	320.434585545508	8	Dataframe 2
1190	364.77639320225	320.4472135955	8	Dataframe 2
1191	368.77639320225	322.4472135955	8	Dataframe 2
1192	368.799718501755	322.458134610634	8	Dataframe 2
1193	368.82357521871	322.467840033074	8	Dataframe 2
1194	368.84790005283	322.476304110911	8	Dataframe 2
1195	368.872628461751	322.483504385962	8	Dataframe 2
1196	368.897694832284	322.489421753357	8	Dataframe 2
1197	368.923032654507	322.494040512233	8	Dataframe 2
1198	368.948574698242	322.497348407396	8	Dataframe 2
1199	368.974253191439	322.499336661831	8	Dataframe 2
1200	369	322.5	8	Dataframe 2
1201	372	322.5	8	Dataframe 2
1202	372.026167978121	322.499314767377	8	Dataframe 2
1203	372.052264231634	322.497260947684	8	Dataframe 2
1204	372.07821723252	322.493844170298	8	Dataframe 2
1205	372.103955845409	322.489073800367	8	Dataframe 2
1206	372.129409522551	322.482962913145	8	Dataframe 2
1207	372.154508497187	322.475528258148	8	Dataframe 2
1208	372.179183974773	322.466790213249	8	Dataframe 2
1209	372.203368321538	322.456772728821	8	Dataframe 2
1210	372.22699524987	322.445503262094	8	Dataframe 2
1211	372.25	322.433012701892	8	Dataframe 2
1212	372.272319517508	322.419335283973	8	Dataframe 2
1213	372.293892626146	322.404508497187	8	Dataframe 2
1214	372.314660195525	322.388572980728	8	Dataframe 2
1215	372.334565303179	322.371572412739	8	Dataframe 2
1216	372.353553390593	322.353553390593	8	Dataframe 2
1217	374.353553390593	320.353553390593	8	Dataframe 2
1218	374.371572412739	320.334565303179	8	Dataframe 2
1219	374.388572980728	320.314660195525	8	Dataframe 2
1220	374.404508497187	320.293892626146	8	Dataframe 2
1221	374.419335283973	320.272319517508	8	Dataframe 2
1222	374.433012701892	320.25	8	Dataframe 2
1223	374.445503262094	320.22699524987	8	Dataframe 2
1224	374.456772728821	320.203368321538	8	Dataframe 2
1225	374.466790213249	320.179183974773	8	Dataframe 2
1226	374.475528258148	320.154508497187	8	Dataframe 2
1227	374.482962913145	320.129409522551	8	Dataframe 2
1228	374.489073800367	320.103955845409	8	Dataframe 2
1229	374.493844170298	320.07821723252	8	Dataframe 2
1230	374.497260947684	320.052264231634	8	Dataframe 2
1231	374.499314767377	320.026167978121	8	Dataframe 2
1232	374.5	320	8	Dataframe 2
1233	374.5	314	8	Dataframe 2
1234	374.499314767377	313.973832021879	8	Dataframe 2
1235	374.497260947684	313.947735768366	8	Dataframe 2
1236	374.493844170298	313.92178276748	8	Dataframe 2
1237	374.489073800367	313.896044154591	8	Dataframe 2
1238	374.482962913145	313.870590477449	8	Dataframe 2
1239	374.475528258148	313.845491502813	8	Dataframe 2
1240	374.466790213249	313.820816025227	8	Dataframe 2
1241	374.456772728821	313.796631678462	8	Dataframe 2
1242	374.445503262094	313.77300475013	8	Dataframe 2
1243	374.433012701892	313.75	8	Dataframe 2
1244	374.419335283973	313.727680482492	8	Dataframe 2
1245	374.404508497187	313.706107373854	8	Dataframe 2
1246	374.388572980728	313.685339804475	8	Dataframe 2
1247	374.371572412739	313.665434696821	8	Dataframe 2
1248	374.353553390593	313.646446609407	8	Dataframe 2
1249	373.397077801932	312.689971020745	8	Dataframe 2
1250	370.428746462856	307.742752122286	8	Dataframe 2
1251	370.415182015643	307.721389350731	8	Dataframe 2
1252	370.400554100894	307.700740226129	8	Dataframe 2
1253	370.384900187264	307.68085764016	8	Dataframe 2
1254	370.368260371455	307.661792521053	8	Dataframe 2
1255	370.350677275506	307.643593703136	8	Dataframe 2
1256	370.332195937618	307.626307801754	8	Dataframe 2
1257	370.312863696796	307.609979093859	8	Dataframe 2
1258	370.292730071587	307.594649404603	8	Dataframe 2
1259	370.271846633244	307.580358000203	8	Dataframe 2
1260	370.250266873629	307.567141487361	8	Dataframe 2
1261	370.228046068194	307.555033719501	8	Dataframe 2
1262	370.205241134398	307.544065710051	8	Dataframe 2
1263	370.181910485915	307.534265553009	8	Dataframe 2
1264	370.158113883008	307.525658350975	8	Dataframe 2
1265	367.158113883008	306.525658350975	8	Dataframe 2
1266	367.132462171971	306.517865399503	8	Dataframe 2
1267	367.106429637292	306.511458566439	8	Dataframe 2
1268	367.080091121503	306.506456271181	8	Dataframe 2
1269	367.053522346826	306.502872895136	8	Dataframe 2
1270	367.026799697462	306.500718740372	8	Dataframe 2
1271	367	306.5	8	Dataframe 2
1272	364	306.5	8	Dataframe 2
1273	363.975511934033	306.500600025405	8	Dataframe 2
1274	363.951082641913	306.502398661499	8	Dataframe 2
1275	363.926770756423	306.505391591372	8	Dataframe 2
1276	363.902634628559	306.509571631689	8	Dataframe 2
1277	363.878732187482	306.514928749927	8	Dataframe 2
1278	359.878732187482	307.514928749927	8	Dataframe 2
1279	359.85278248371	307.522164251131	8	Dataframe 2
1280	359.827260146267	307.530786889642	8	Dataframe 2
1281	359.802239265435	307.540771634299	8	Dataframe 2
1282	359.777792475791	307.552089499805	8	Dataframe 2
1283	359.753990745349	307.564707630866	8	Dataframe 2
1284	359.730903169543	307.578589397573	8	Dataframe 2
1285	359.708596770646	307.593694501733	8	Dataframe 2
1286	359.687136303204	307.609979093859	8	Dataframe 2
1287	359.666584066064	307.627395900455	8	Dataframe 2
1288	359.646999721515	307.645894361257	8	Dataframe 2
1289	359.628440122094	307.665420776003	8	Dataframe 2
1290	359.610959145547	307.685918460322	8	Dataframe 2
1291	359.594607538421	307.70732791029	8	Dataframe 2
1292	359.579432768753	307.729586975163	8	Dataframe 2
1293	359.565478888268	307.752631037801	8	Dataframe 2
1294	359.5527864045	307.77639320225	8	Dataframe 2
1295	357.5527864045	311.77639320225	8	Dataframe 2
