row	col	cluster
11720	63	261	7
11976	64	261	7
12232	65	260	7
12234	65	262	7
12489	66	260	7
12490	66	261	7
12491	66	262	7
12492	66	263	7
12743	67	258	7
12744	67	259	7
12745	67	260	7
12746	67	261	7
12752	67	267	7
13000	68	257	7
13001	68	258	7
13002	68	259	7
13003	68	260	7
13004	68	261	7
13006	68	263	7
13008	68	265	7
13009	68	266	7
13262	69	260	7
13263	69	261	7
13264	69	262	7
13265	69	263	7
13267	69	265	7
13268	69	266	7
13269	69	267	7
13519	70	258	7
13523	70	262	7
13524	70	263	7
13525	70	264	7
13527	70	266	7
13778	71	257	7
13780	71	259	7
13781	71	260	7
13782	71	261	7
13783	71	262	7
13784	71	263	7
13785	71	264	7
13787	71	266	7
14043	72	260	7
14044	72	261	7
14045	72	262	7
14046	72	263	7
14048	72	265	7
14050	72	267	7
14307	73	261	7
14308	73	262	7
14310	73	264	7
14311	73	265	7
14312	73	266	7
14571	74	261	7
14573	74	263	7
14835	75	263	7
14836	75	264	7
15979	80	79	9
15982	80	82	9
15985	80	85	9
16237	81	68	9
16238	81	69	9
16251	81	82	9
16252	81	83	9
16504	82	66	9
16506	82	68	9
16507	82	69	9
16519	82	81	9
16520	82	82	9
16521	82	83	9
16522	82	84	9
16523	82	85	9
16524	82	86	9
16781	83	68	9
16782	83	69	9
16783	83	70	9
16794	83	81	9
16795	83	82	9
16798	83	85	9
17059	84	68	9
17065	84	74	9
17070	84	79	9
17071	84	80	9
17072	84	81	9
17073	84	82	9
17074	84	83	9
17337	85	65	9
17338	85	66	9
17339	85	67	9
17340	85	68	9
17341	85	69	9
17342	85	70	9
17343	85	71	9
17346	85	74	9
17347	85	75	9
17348	85	76	9
17350	85	78	9
17351	85	79	9
17352	85	80	9
17353	85	81	9
17354	85	82	9
17464	85	192	10
17625	86	64	9
17626	86	65	9
17627	86	66	9
17628	86	67	9
17629	86	68	9
17630	86	69	9
17631	86	70	9
17632	86	71	9
17636	86	75	9
17637	86	76	9
17638	86	77	9
17639	86	78	9
17640	86	79	9
17641	86	80	9
17642	86	81	9
17643	86	82	9
17644	86	83	9
17753	86	192	10
17756	86	195	10
17920	87	63	9
17921	87	64	9
17922	87	65	9
17923	87	66	9
17924	87	67	9
17925	87	68	9
17926	87	69	9
17927	87	70	9
17928	87	71	9
17929	87	72	9
17931	87	74	9
17932	87	75	9
17933	87	76	9
17934	87	77	9
17935	87	78	9
17936	87	79	9
17937	87	80	9
17938	87	81	9
18049	87	192	10
18050	87	193	10
18051	87	194	10
18225	88	62	9
18226	88	63	9
18227	88	64	9
18228	88	65	9
18229	88	66	9
18230	88	67	9
18231	88	68	9
18232	88	69	9
18233	88	70	9
18234	88	71	9
18237	88	74	9
18238	88	75	9
18239	88	76	9
18240	88	77	9
18241	88	78	9
18242	88	79	9
18243	88	80	9
18355	88	192	10
18356	88	193	10
18359	88	196	10
18360	88	197	10
18361	88	198	10
18541	89	62	9
18542	89	63	9
18543	89	64	9
18544	89	65	9
18545	89	66	9
18546	89	67	9
18547	89	68	9
18548	89	69	9
18549	89	70	9
18550	89	71	9
18551	89	72	9
18554	89	75	9
18555	89	76	9
18556	89	77	9
18557	89	78	9
18558	89	79	9
18671	89	192	10
18672	89	193	10
18673	89	194	10
18674	89	195	10
18675	89	196	10
18676	89	197	10
18858	90	62	9
18859	90	63	9
18860	90	64	9
18861	90	65	9
18862	90	66	9
18863	90	67	9
18864	90	68	9
18865	90	69	9
18866	90	70	9
18867	90	71	9
18990	90	194	10
18991	90	195	10
18992	90	196	10
18993	90	197	10
18994	90	198	10
18995	90	199	10
18997	90	201	10
18998	90	202	10
19176	91	62	9
19177	91	63	9
19178	91	64	9
19179	91	65	9
19180	91	66	9
19181	91	67	9
19182	91	68	9
19183	91	69	9
19184	91	70	9
19185	91	71	9
19186	91	72	9
19308	91	194	10
19309	91	195	10
19310	91	196	10
19313	91	199	10
19314	91	200	10
19315	91	201	10
19316	91	202	10
19317	91	203	10
19490	92	58	9
19491	92	59	9
19492	92	60	9
19493	92	61	9
19494	92	62	9
19495	92	63	9
19496	92	64	9
19497	92	65	9
19498	92	66	9
19499	92	67	9
19500	92	68	9
19501	92	69	9
19502	92	70	9
19503	92	71	9
19509	92	77	9
19511	92	79	9
19626	92	194	10
19627	92	195	10
19628	92	196	10
19631	92	199	10
19632	92	200	10
19633	92	201	10
19634	92	202	10
19635	92	203	10
19810	93	59	9
19811	93	60	9
19812	93	61	9
19813	93	62	9
19814	93	63	9
19815	93	64	9
19816	93	65	9
19817	93	66	9
19818	93	67	9
19819	93	68	9
19820	93	69	9
19821	93	70	9
19822	93	71	9
19825	93	74	9
19893	93	142	11
19946	93	195	10
19947	93	196	10
19948	93	197	10
19949	93	198	10
19950	93	199	10
19951	93	200	10
19953	93	202	10
19954	93	203	10
20127	94	57	9
20128	94	58	9
20129	94	59	9
20130	94	60	9
20131	94	61	9
20132	94	62	9
20133	94	63	9
20134	94	64	9
20135	94	65	9
20136	94	66	9
20137	94	67	9
20138	94	68	9
20139	94	69	9
20140	94	70	9
20142	94	72	9
20143	94	73	9
20210	94	140	11
20263	94	193	10
20265	94	195	10
20266	94	196	10
20270	94	200	10
20271	94	201	10
20272	94	202	10
20446	95	56	9
20447	95	57	9
20448	95	58	9
20449	95	59	9
20450	95	60	9
20451	95	61	9
20452	95	62	9
20453	95	63	9
20454	95	64	9
20455	95	65	9
20456	95	66	9
20457	95	67	9
20458	95	68	9
20459	95	69	9
20461	95	71	9
20462	95	72	9
20529	95	139	11
20530	95	140	11
20536	95	146	11
20584	95	194	10
20766	96	56	9
20767	96	57	9
20768	96	58	9
20769	96	59	9
20770	96	60	9
20771	96	61	9
20772	96	62	9
20773	96	63	9
20774	96	64	9
20775	96	65	9
20776	96	66	9
20777	96	67	9
20778	96	68	9
20779	96	69	9
20780	96	70	9
20781	96	71	9
20782	96	72	9
20850	96	140	11
20851	96	141	11
20852	96	142	11
20853	96	143	11
20910	96	200	10
21087	97	57	9
21090	97	60	9
21091	97	61	9
21092	97	62	9
21093	97	63	9
21094	97	64	9
21095	97	65	9
21096	97	66	9
21098	97	68	9
21099	97	69	9
21100	97	70	9
21101	97	71	9
21166	97	136	11
21167	97	137	11
21168	97	138	11
21169	97	139	11
21170	97	140	11
21171	97	141	11
21172	97	142	11
21173	97	143	11
21174	97	144	11
21178	97	148	11
21179	97	149	11
21411	98	60	9
21412	98	61	9
21413	98	62	9
21414	98	63	9
21415	98	64	9
21416	98	65	9
21417	98	66	9
21418	98	67	9
21419	98	68	9
21420	98	69	9
21481	98	130	11
21482	98	131	11
21486	98	135	11
21487	98	136	11
21488	98	137	11
21490	98	139	11
21491	98	140	11
21492	98	141	11
21493	98	142	11
21494	98	143	11
21495	98	144	11
21496	98	145	11
21497	98	146	11
21732	99	60	9
21734	99	62	9
21735	99	63	9
21736	99	64	9
21737	99	65	9
21738	99	66	9
21739	99	67	9
21740	99	68	9
21741	99	69	9
21802	99	130	11
21803	99	131	11
21805	99	133	11
21806	99	134	11
21809	99	137	11
21812	99	140	11
21813	99	141	11
21814	99	142	11
21815	99	143	11
21816	99	144	11
21817	99	145	11
21818	99	146	11
21819	99	147	11
21821	99	149	11
21822	99	150	11
22049	100	56	9
22050	100	57	9
22051	100	58	9
22052	100	59	9
22053	100	60	9
22055	100	62	9
22056	100	63	9
22057	100	64	9
22058	100	65	9
22059	100	66	9
22060	100	67	9
22061	100	68	9
22064	100	71	9
22123	100	130	11
22124	100	131	11
22125	100	132	11
22129	100	136	11
22130	100	137	11
22131	100	138	11
22133	100	140	11
22134	100	141	11
22135	100	142	11
22136	100	143	11
22137	100	144	11
22138	100	145	11
22139	100	146	11
22140	100	147	11
22143	100	150	11
22371	101	57	9
22372	101	58	9
22373	101	59	9
22374	101	60	9
22375	101	61	9
22376	101	62	9
22377	101	63	9
22378	101	64	9
22379	101	65	9
22380	101	66	9
22382	101	68	9
22384	101	70	9
22385	101	71	9
22444	101	130	11
22446	101	132	11
22447	101	133	11
22448	101	134	11
22450	101	136	11
22451	101	137	11
22452	101	138	11
22455	101	141	11
22456	101	142	11
22457	101	143	11
22458	101	144	11
22459	101	145	11
22460	101	146	11
22461	101	147	11
22692	102	57	9
22693	102	58	9
22694	102	59	9
22695	102	60	9
22696	102	61	9
22697	102	62	9
22698	102	63	9
22699	102	64	9
22700	102	65	9
22701	102	66	9
22764	102	129	11
22767	102	132	11
22768	102	133	11
22769	102	134	11
22770	102	135	11
22771	102	136	11
22772	102	137	11
22776	102	141	11
22777	102	142	11
22778	102	143	11
22781	102	146	11
23012	103	56	9
23014	103	58	9
23015	103	59	9
23016	103	60	9
23017	103	61	9
23018	103	62	9
23019	103	63	9
23020	103	64	9
23021	103	65	9
23085	103	129	11
23088	103	132	11
23089	103	133	11
23090	103	134	11
23091	103	135	11
23092	103	136	11
23093	103	137	11
23094	103	138	11
23096	103	140	11
23103	103	147	11
23106	103	150	11
23334	104	57	9
23337	104	60	9
23339	104	62	9
23340	104	63	9
23341	104	64	9
23342	104	65	9
23409	104	132	11
23410	104	133	11
23411	104	134	11
23412	104	135	11
23413	104	136	11
23414	104	137	11
23415	104	138	11
23416	104	139	11
23419	104	142	11
23422	104	145	11
23451	104	174	12
23452	104	175	12
23659	105	61	9
23660	105	62	9
23661	105	63	9
23662	105	64	9
23663	105	65	9
23730	105	132	11
23732	105	134	11
23734	105	136	11
23735	105	137	11
23736	105	138	11
23737	105	139	11
23738	105	140	11
23742	105	144	11
23743	105	145	11
23745	105	147	11
23746	105	148	11
23747	105	149	11
23749	105	151	11
23771	105	173	12
23774	105	176	12
23980	106	61	9
23981	106	62	9
23983	106	64	9
23984	106	65	9
24054	106	135	11
24055	106	136	11
24056	106	137	11
24057	106	138	11
24058	106	139	11
24059	106	140	11
24062	106	143	11
24063	106	144	11
24065	106	146	11
24066	106	147	11
24067	106	148	11
24068	106	149	11
24069	106	150	11
24092	106	173	12
24093	106	174	12
24095	106	176	12
24297	107	57	9
24299	107	59	9
24301	107	61	9
24303	107	63	9
24305	107	65	9
24307	107	67	9
24308	107	68	9
24376	107	136	11
24377	107	137	11
24378	107	138	11
24379	107	139	11
24384	107	144	11
24385	107	145	11
24386	107	146	11
24388	107	148	11
24389	107	149	11
24390	107	150	11
24408	107	168	12
24410	107	170	12
24414	107	174	12
24415	107	175	12
24620	108	59	9
24621	108	60	9
24622	108	61	9
24624	108	63	9
24625	108	64	9
24628	108	67	9
24681	108	120	13
24682	108	121	13
24696	108	135	11
24697	108	136	11
24698	108	137	11
24699	108	138	11
24700	108	139	11
24701	108	140	11
24702	108	141	11
24703	108	142	11
24704	108	143	11
24705	108	144	11
24706	108	145	11
24707	108	146	11
24723	108	162	12
24724	108	163	12
24727	108	166	12
24731	108	170	12
24734	108	173	12
24735	108	174	12
24736	108	175	12
24737	108	176	12
24941	109	59	9
24942	109	60	9
24943	109	61	9
24944	109	62	9
24945	109	63	9
24947	109	65	9
25000	109	118	13
25001	109	119	13
25016	109	134	11
25017	109	135	11
25023	109	141	11
25024	109	142	11
25025	109	143	11
25028	109	146	11
25029	109	147	11
25047	109	165	12
25048	109	166	12
25050	109	168	12
25051	109	169	12
25055	109	173	12
25056	109	174	12
25260	110	58	9
25261	110	59	9
25262	110	60	9
25263	110	61	9
25264	110	62	9
25265	110	63	9
25266	110	64	9
25267	110	65	9
25318	110	116	13
25320	110	118	13
25321	110	119	13
25327	110	125	13
25328	110	126	13
25341	110	139	11
25342	110	140	11
25343	110	141	11
25344	110	142	11
25345	110	143	11
25346	110	144	11
25347	110	145	11
25348	110	146	11
25349	110	147	11
25350	110	148	11
25359	110	157	12
25360	110	158	12
25361	110	159	12
25366	110	164	12
25370	110	168	12
25371	110	169	12
25373	110	171	12
25374	110	172	12
25375	110	173	12
25376	110	174	12
25377	110	175	12
25579	111	57	9
25580	111	58	9
25581	111	59	9
25582	111	60	9
25583	111	61	9
25584	111	62	9
25585	111	63	9
25586	111	64	9
25587	111	65	9
25590	111	68	9
25591	111	69	9
25638	111	116	13
25640	111	118	13
25641	111	119	13
25642	111	120	13
25643	111	121	13
25644	111	122	13
25647	111	125	13
25648	111	126	13
25661	111	139	11
25663	111	141	11
25664	111	142	11
25665	111	143	11
25666	111	144	11
25680	111	158	12
25681	111	159	12
25683	111	161	12
25684	111	162	12
25685	111	163	12
25688	111	166	12
25689	111	167	12
25690	111	168	12
25691	111	169	12
25692	111	170	12
25696	111	174	12
25699	111	177	12
25896	112	54	9
25897	112	55	9
25898	112	56	9
25899	112	57	9
25900	112	58	9
25901	112	59	9
25902	112	60	9
25903	112	61	9
25904	112	62	9
25905	112	63	9
25906	112	64	9
25909	112	67	9
25960	112	118	13
25961	112	119	13
25962	112	120	13
25963	112	121	13
25964	112	122	13
25965	112	123	13
25966	112	124	13
25983	112	141	11
25985	112	143	11
25986	112	144	11
25988	112	146	11
26000	112	158	12
26001	112	159	12
26002	112	160	12
26003	112	161	12
26004	112	162	12
26005	112	163	12
26006	112	164	12
26007	112	165	12
26009	112	167	12
26010	112	168	12
26011	112	169	12
26012	112	170	12
26013	112	171	12
26014	112	172	12
26015	112	173	12
26016	112	174	12
26018	112	176	12
26019	112	177	12
26217	113	54	9
26218	113	55	9
26219	113	56	9
26220	113	57	9
26221	113	58	9
26223	113	60	9
26224	113	61	9
26225	113	62	9
26227	113	64	9
26228	113	65	9
26229	113	66	9
26230	113	67	9
26231	113	68	9
26283	113	120	13
26284	113	121	13
26285	113	122	13
26286	113	123	13
26287	113	124	13
26290	113	127	13
26320	113	157	12
26321	113	158	12
26325	113	162	12
26326	113	163	12
26327	113	164	12
26328	113	165	12
26329	113	166	12
26332	113	169	12
26333	113	170	12
26334	113	171	12
26335	113	172	12
26336	113	173	12
26337	113	174	12
26338	113	175	12
26339	113	176	12
26538	114	54	9
26539	114	55	9
26540	114	56	9
26541	114	57	9
26542	114	58	9
26543	114	59	9
26544	114	60	9
26545	114	61	9
26546	114	62	9
26547	114	63	9
26548	114	64	9
26549	114	65	9
26550	114	66	9
26551	114	67	9
26552	114	68	9
26553	114	69	9
26555	114	71	9
26556	114	72	9
26604	114	120	13
26605	114	121	13
26606	114	122	13
26607	114	123	13
26608	114	124	13
26611	114	127	13
26627	114	143	11
26628	114	144	11
26640	114	157	12
26645	114	162	12
26646	114	163	12
26647	114	164	12
26648	114	165	12
26649	114	166	12
26651	114	168	12
26652	114	169	12
26653	114	170	12
26655	114	172	12
26858	115	54	9
26859	115	55	9
26860	115	56	9
26861	115	57	9
26862	115	58	9
26863	115	59	9
26864	115	60	9
26865	115	61	9
26866	115	62	9
26869	115	65	9
26870	115	66	9
26871	115	67	9
26872	115	68	9
26873	115	69	9
26921	115	117	13
26923	115	119	13
26924	115	120	13
26925	115	121	13
26926	115	122	13
26927	115	123	13
26928	115	124	13
26929	115	125	13
26931	115	127	13
26948	115	144	11
26959	115	157	12
26960	115	158	12
26961	115	159	12
26964	115	162	12
26965	115	163	12
26966	115	164	12
26967	115	165	12
26968	115	166	12
26970	115	168	12
26971	115	169	12
26972	115	170	12
26973	115	171	12
26974	115	172	12
27176	116	53	9
27177	116	54	9
27178	116	55	9
27179	116	56	9
27180	116	57	9
27181	116	58	9
27182	116	59	9
27183	116	60	9
27184	116	61	9
27185	116	62	9
27188	116	65	9
27189	116	66	9
27190	116	67	9
27191	116	68	9
27239	116	116	13
27241	116	118	13
27242	116	119	13
27243	116	120	13
27245	116	122	13
27246	116	123	13
27248	116	125	13
27250	116	127	13
27279	116	157	12
27280	116	158	12
27281	116	159	12
27283	116	161	12
27284	116	162	12
27285	116	163	12
27286	116	164	12
27287	116	165	12
27288	116	166	12
27290	116	168	12
27291	116	169	12
27294	116	172	12
27495	117	52	9
27496	117	53	9
27497	117	54	9
27498	117	55	9
27499	117	56	9
27500	117	57	9
27501	117	58	9
27502	117	59	9
27503	117	60	9
27504	117	61	9
27505	117	62	9
27561	117	118	13
27562	117	119	13
27563	117	120	13
27565	117	122	13
27566	117	123	13
27600	117	157	12
27601	117	158	12
27603	117	160	12
27604	117	161	12
27608	117	165	12
27609	117	166	12
27610	117	167	12
27611	117	168	12
27615	117	172	12
27816	118	52	9
27817	118	53	9
27818	118	54	9
27819	118	55	9
27820	118	56	9
27821	118	57	9
27822	118	58	9
27823	118	59	9
27824	118	60	9
27825	118	61	9
27882	118	118	13
27883	118	119	13
27884	118	120	13
27886	118	122	13
27887	118	123	13
27922	118	158	12
27923	118	159	12
27924	118	160	12
27925	118	161	12
27927	118	163	12
27928	118	164	12
27929	118	165	12
27932	118	168	12
27933	118	169	12
28136	119	51	9
28137	119	52	9
28138	119	53	9
28139	119	54	9
28140	119	55	9
28141	119	56	9
28142	119	57	9
28143	119	58	9
28144	119	59	9
28145	119	60	9
28146	119	61	9
28202	119	117	13
28203	119	118	13
28204	119	119	13
28205	119	120	13
28206	119	121	13
28207	119	122	13
28245	119	160	12
28248	119	163	12
28249	119	164	12
28250	119	165	12
28458	120	52	9
28459	120	53	9
28460	120	54	9
28461	120	55	9
28462	120	56	9
28465	120	59	9
28466	120	60	9
28467	120	61	9
28518	120	112	13
28524	120	118	13
28525	120	119	13
28526	120	120	13
28527	120	121	13
28528	120	122	13
28531	120	125	13
28563	120	157	12
28568	120	162	12
28570	120	164	12
28571	120	165	12
28572	120	166	12
28780	121	53	9
28781	121	54	9
28782	121	55	9
28783	121	56	9
28784	121	57	9
28785	121	58	9
28786	121	59	9
28787	121	60	9
28788	121	61	9
28790	121	63	9
28839	121	112	13
28840	121	113	13
28841	121	114	13
28842	121	115	13
28845	121	118	13
28846	121	119	13
28847	121	120	13
28848	121	121	13
28849	121	122	13
29101	122	53	9
29102	122	54	9
29103	122	55	9
29104	122	56	9
29105	122	57	9
29106	122	58	9
29161	122	113	13
29162	122	114	13
29163	122	115	13
29164	122	116	13
29167	122	119	13
29168	122	120	13
29169	122	121	13
29170	122	122	13
29422	123	53	9
29424	123	55	9
29425	123	56	9
29426	123	57	9
29427	123	58	9
29429	123	60	9
29482	123	113	13
29483	123	114	13
29484	123	115	13
29485	123	116	13
29487	123	118	13
29488	123	119	13
29489	123	120	13
29490	123	121	13
29491	123	122	13
29751	124	60	9
29802	124	111	13
29803	124	112	13
29805	124	114	13
29806	124	115	13
29807	124	116	13
29808	124	117	13
29809	124	118	13
29810	124	119	13
30125	125	112	13
30126	125	113	13
30127	125	114	13
30128	125	115	13
30129	125	116	13
30130	125	117	13
30131	125	118	13
30445	126	110	13
30446	126	111	13
30447	126	112	13
30448	126	113	13
30449	126	114	13
30450	126	115	13
30451	126	116	13
30452	126	117	13
30453	126	118	13
30768	127	111	13
30769	127	112	13
30770	127	113	13
30771	127	114	13
30772	127	115	13
30773	127	116	13
30774	127	117	13
30775	127	118	13
31089	128	110	13
31090	128	111	13
31091	128	112	13
31092	128	113	13
31093	128	114	13
31094	128	115	13
31095	128	116	13
31096	128	117	13
31097	128	118	13
31413	129	112	13
31414	129	113	13
31415	129	114	13
31416	129	115	13
31419	129	118	13
31420	129	119	13
31736	130	112	13
31737	130	113	13
31738	130	114	13
31739	130	115	13
31740	130	116	13
31742	130	118	13
32061	131	114	13
32062	131	115	13
32063	131	116	13
32065	131	118	13
32384	132	113	13
32386	132	115	13
32387	132	116	13
32388	132	117	13
32389	132	118	13
32390	132	119	13
32707	133	112	13
32709	133	114	13
32712	133	117	13
32714	133	119	13
33033	134	113	13
33034	134	114	13
33036	134	116	13
33039	134	119	13
33357	135	112	13
33359	135	114	13
33361	135	116	13
33362	135	117	13
33687	136	116	13
34013	137	116	13
41263	159	178	23
41266	159	181	23
41590	160	178	23
41591	160	179	23
41592	160	180	23
41593	160	181	23
41594	160	182	23
41904	161	165	23
41908	161	169	23
41919	161	180	23
41922	161	183	23
42229	162	164	23
42230	162	165	23
42231	162	166	23
42232	162	167	23
42235	162	170	23
42237	162	172	23
42240	162	175	23
42245	162	180	23
42249	162	184	23
42557	163	166	23
42559	163	168	23
42560	163	169	23
42561	163	170	23
42563	163	172	23
42566	163	175	23
42567	163	176	23
42568	163	177	23
42569	163	178	23
42570	163	179	23
42571	163	180	23
42572	163	181	23
42573	163	182	23
42574	163	183	23
42575	163	184	23
42882	164	165	23
42883	164	166	23
42884	164	167	23
42885	164	168	23
42886	164	169	23
42888	164	171	23
42889	164	172	23
42891	164	174	23
42892	164	175	23
42893	164	176	23
42894	164	177	23
42895	164	178	23
42896	164	179	23
42897	164	180	23
42898	164	181	23
42899	164	182	23
42900	164	183	23
43210	165	167	23
43211	165	168	23
43212	165	169	23
43213	165	170	23
43214	165	171	23
43215	165	172	23
43218	165	175	23
43219	165	176	23
43220	165	177	23
43221	165	178	23
43223	165	180	23
43224	165	181	23
43538	166	169	23
43539	166	170	23
43541	166	172	23
43542	166	173	23
43543	166	174	23
43544	166	175	23
43545	166	176	23
43549	166	180	23
43550	166	181	23
43863	167	168	23
43867	167	172	23
43868	167	173	23
43869	167	174	23
43870	167	175	23
43871	167	176	23
43872	167	177	23
43875	167	180	23
43876	167	181	23
44189	168	168	23
44190	168	169	23
44192	168	171	23
44193	168	172	23
44194	168	173	23
44195	168	174	23
44196	168	175	23
44197	168	176	23
44198	168	177	23
44201	168	180	23
44202	168	181	23
44516	169	169	23
44520	169	173	23
44521	169	174	23
44522	169	175	23
44523	169	176	23
44525	169	178	23
44526	169	179	23
44849	170	175	23
44851	170	177	23
44852	170	178	23
44853	170	179	23
45179	171	178	23
45180	171	179	23
45507	172	178	23
46765	176	124	25
47092	177	123	25
47093	177	124	25
47097	177	128	25
47419	178	122	25
47420	178	123	25
47421	178	124	25
47424	178	127	25
47745	179	120	25
47746	179	121	25
47747	179	122	25
47748	179	123	25
47749	179	124	25
47751	179	126	25
47753	179	128	25
47757	179	132	25
47758	179	133	25
47759	179	134	25
47760	179	135	25
47761	179	136	25
47763	179	138	25
48078	180	125	25
48080	180	127	25
48081	180	128	25
48086	180	133	25
48087	180	134	25
48091	180	138	25
48404	181	122	25
48406	181	124	25
48407	181	125	25
48409	181	127	25
48410	181	128	25
48411	181	129	25
48412	181	130	25
48413	181	131	25
48416	181	134	25
48418	181	136	25
48419	181	137	25
48735	182	123	25
48737	182	125	25
48740	182	128	25
48742	182	130	25
48744	182	132	25
48749	182	137	25
48750	182	138	25
49065	183	122	25
49069	183	126	25
49071	183	128	25
49075	183	132	25
49076	183	133	25
49077	183	134	25
49078	183	135	25
49079	183	136	25
49081	183	138	25
49143	183	200	26
49145	183	202	26
49398	184	124	25
49399	184	125	25
49401	184	127	25
49402	184	128	25
49405	184	131	25
49406	184	132	25
49407	184	133	25
49409	184	135	25
49411	184	137	25
49474	184	200	26
49475	184	201	26
49729	185	124	25
49730	185	125	25
49732	185	127	25
49734	185	129	25
49735	185	130	25
49736	185	131	25
49737	185	132	25
49738	185	133	25
49739	185	134	25
49740	185	135	25
49743	185	138	25
49805	185	200	26
49806	185	201	26
49808	185	203	26
49809	185	204	26
49814	185	209	26
50064	186	128	25
50065	186	129	25
50066	186	130	25
50067	186	131	25
50068	186	132	25
50069	186	133	25
50070	186	134	25
50135	186	199	26
50136	186	200	26
50138	186	202	26
50139	186	203	26
50145	186	209	26
50187	186	251	27
50188	186	252	27
50393	187	126	25
50397	187	130	25
50398	187	131	25
50399	187	132	25
50400	187	133	25
50404	187	137	25
50467	187	200	26
50468	187	201	26
50469	187	202	26
50471	187	204	26
50472	187	205	26
50473	187	206	26
50517	187	250	27
50518	187	251	27
50519	187	252	27
50520	187	253	27
50725	188	127	25
50726	188	128	25
50728	188	130	25
50729	188	131	25
50731	188	133	25
50798	188	200	26
50799	188	201	26
50800	188	202	26
50801	188	203	26
50802	188	204	26
50803	188	205	26
50804	188	206	26
50805	188	207	26
50807	188	209	26
50808	188	210	26
50809	188	211	26
50846	188	248	27
50847	188	249	27
50848	188	250	27
50849	188	251	27
50850	188	252	27
50851	188	253	27
50852	188	254	27
51055	189	126	25
51056	189	127	25
51058	189	129	25
51059	189	130	25
51060	189	131	25
51064	189	135	25
51128	189	199	26
51129	189	200	26
51130	189	201	26
51132	189	203	26
51133	189	204	26
51134	189	205	26
51135	189	206	26
51136	189	207	26
51137	189	208	26
51138	189	209	26
51139	189	210	26
51177	189	248	27
51179	189	250	27
51180	189	251	27
51181	189	252	27
51182	189	253	27
51183	189	254	27
51184	189	255	27
51386	190	126	25
51387	190	127	25
51390	190	130	25
51391	190	131	25
51393	190	133	25
51395	190	135	25
51458	190	198	26
51459	190	199	26
51461	190	201	26
51464	190	204	26
51465	190	205	26
51466	190	206	26
51467	190	207	26
51469	190	209	26
51470	190	210	26
51472	190	212	26
51510	190	250	27
51511	190	251	27
51512	190	252	27
51513	190	253	27
51514	190	254	27
51515	190	255	27
51721	191	130	25
51794	191	203	26
51795	191	204	26
51797	191	206	26
51798	191	207	26
51800	191	209	26
51802	191	211	26
51803	191	212	26
51842	191	251	27
51843	191	252	27
51844	191	253	27
51845	191	254	27
51846	191	255	27
51850	191	259	27
51851	191	260	27
51864	191	273	27
52125	192	203	26
52126	192	204	26
52127	192	205	26
52128	192	206	26
52130	192	208	26
52161	192	239	27
52162	192	240	27
52165	192	243	27
52171	192	249	27
52173	192	251	27
52174	192	252	27
52175	192	253	27
52176	192	254	27
52177	192	255	27
52178	192	256	27
52180	192	258	27
52182	192	260	27
52183	192	261	27
52194	192	272	27
52195	192	273	27
52196	192	274	27
52456	193	203	26
52457	193	204	26
52460	193	207	26
52461	193	208	26
52490	193	237	27
52491	193	238	27
52493	193	240	27
52494	193	241	27
52501	193	248	27
52502	193	249	27
52505	193	252	27
52506	193	253	27
52507	193	254	27
52508	193	255	27
52509	193	256	27
52510	193	257	27
52511	193	258	27
52513	193	260	27
52524	193	271	27
52525	193	272	27
52528	193	275	27
52789	194	205	26
52791	194	207	26
52792	194	208	26
52825	194	241	27
52834	194	250	27
52835	194	251	27
52836	194	252	27
52837	194	253	27
52838	194	254	27
52839	194	255	27
52840	194	256	27
52841	194	257	27
52843	194	259	27
52844	194	260	27
52845	194	261	27
52846	194	262	27
52848	194	264	27
52850	194	266	27
52853	194	269	27
52856	194	272	27
52857	194	273	27
52858	194	274	27
52859	194	275	27
53120	195	205	26
53121	195	206	26
53122	195	207	26
53154	195	239	27
53156	195	241	27
53157	195	242	27
53158	195	243	27
53165	195	250	27
53166	195	251	27
53167	195	252	27
53169	195	254	27
53171	195	256	27
53172	195	257	27
53174	195	259	27
53175	195	260	27
53176	195	261	27
53181	195	266	27
53182	195	267	27
53187	195	272	27
53189	195	274	27
53190	195	275	27
53483	196	237	27
53484	196	238	27
53485	196	239	27
53487	196	241	27
53488	196	242	27
53489	196	243	27
53490	196	244	27
53495	196	249	27
53496	196	250	27
53497	196	251	27
53501	196	255	27
53503	196	257	27
53504	196	258	27
53505	196	259	27
53507	196	261	27
53509	196	263	27
53510	196	264	27
53511	196	265	27
53515	196	269	27
53519	196	273	27
53520	196	274	27
53521	196	275	27
53526	196	280	27
53527	196	281	27
53816	197	239	27
53817	197	240	27
53818	197	241	27
53819	197	242	27
53821	197	244	27
53829	197	252	27
53830	197	253	27
53833	197	256	27
53835	197	258	27
53836	197	259	27
53837	197	260	27
53838	197	261	27
53839	197	262	27
53840	197	263	27
53841	197	264	27
53842	197	265	27
53844	197	267	27
53845	197	268	27
53846	197	269	27
53848	197	271	27
53852	197	275	27
53853	197	276	27
53856	197	279	27
54143	198	235	27
54146	198	238	27
54147	198	239	27
54148	198	240	27
54152	198	244	27
54153	198	245	27
54154	198	246	27
54155	198	247	27
54159	198	251	27
54160	198	252	27
54162	198	254	27
54163	198	255	27
54164	198	256	27
54165	198	257	27
54166	198	258	27
54167	198	259	27
54169	198	261	27
54170	198	262	27
54171	198	263	27
54172	198	264	27
54173	198	265	27
54174	198	266	27
54175	198	267	27
54176	198	268	27
54179	198	271	27
54181	198	273	27
54182	198	274	27
54183	198	275	27
54184	198	276	27
54185	198	277	27
54186	198	278	27
54187	198	279	27
54477	199	238	27
54478	199	239	27
54479	199	240	27
54480	199	241	27
54481	199	242	27
54482	199	243	27
54483	199	244	27
54484	199	245	27
54485	199	246	27
54488	199	249	27
54489	199	250	27
54491	199	252	27
54492	199	253	27
54493	199	254	27
54494	199	255	27
54495	199	256	27
54496	199	257	27
54498	199	259	27
54499	199	260	27
54502	199	263	27
54503	199	264	27
54504	199	265	27
54505	199	266	27
54506	199	267	27
54508	199	269	27
54509	199	270	27
54510	199	271	27
54514	199	275	27
54515	199	276	27
54516	199	277	27
54518	199	279	27
54519	199	280	27
54520	199	281	27
54522	199	283	27
54523	199	284	27
54807	200	237	27
54809	200	239	27
54810	200	240	27
54811	200	241	27
54812	200	242	27
54813	200	243	27
54814	200	244	27
54815	200	245	27
54816	200	246	27
54817	200	247	27
54818	200	248	27
54819	200	249	27
54820	200	250	27
54822	200	252	27
54823	200	253	27
54824	200	254	27
54825	200	255	27
54826	200	256	27
54828	200	258	27
54829	200	259	27
54830	200	260	27
54833	200	263	27
54834	200	264	27
54835	200	265	27
54836	200	266	27
54837	200	267	27
54838	200	268	27
54839	200	269	27
54840	200	270	27
54842	200	272	27
54845	200	275	27
54846	200	276	27
54847	200	277	27
54849	200	279	27
54850	200	280	27
54851	200	281	27
54852	200	282	27
54855	200	285	27
54857	200	287	27
55137	201	236	27
55138	201	237	27
55139	201	238	27
55140	201	239	27
55141	201	240	27
55142	201	241	27
55143	201	242	27
55144	201	243	27
55145	201	244	27
55146	201	245	27
55147	201	246	27
55148	201	247	27
55152	201	251	27
55154	201	253	27
55155	201	254	27
55156	201	255	27
55157	201	256	27
55160	201	259	27
55162	201	261	27
55167	201	266	27
55168	201	267	27
55169	201	268	27
55170	201	269	27
55171	201	270	27
55172	201	271	27
55173	201	272	27
55174	201	273	27
55175	201	274	27
55176	201	275	27
55178	201	277	27
55179	201	278	27
55181	201	280	27
55182	201	281	27
55185	201	284	27
55186	201	285	27
55190	201	289	27
55470	202	238	27
55473	202	241	27
55474	202	242	27
55475	202	243	27
55477	202	245	27
55478	202	246	27
55479	202	247	27
55480	202	248	27
55483	202	251	27
55484	202	252	27
55485	202	253	27
55486	202	254	27
55487	202	255	27
55488	202	256	27
55490	202	258	27
55491	202	259	27
55492	202	260	27
55493	202	261	27
55494	202	263	27
55496	202	265	27
55497	202	266	27
55498	202	267	27
55499	202	268	27
55500	202	269	27
55501	202	270	27
55502	202	271	27
55503	202	272	27
55504	202	273	27
55505	202	274	27
55506	202	275	27
55507	202	276	27
55508	202	277	27
55509	202	278	27
55510	202	279	27
55511	202	280	27
55512	202	281	27
55513	202	282	27
55520	202	289	27
55799	203	237	27
55806	203	244	27
55807	203	245	27
55808	203	246	27
55809	203	247	27
55810	203	248	27
55812	203	250	27
55813	203	251	27
55815	203	253	27
55816	203	254	27
55817	203	255	27
55818	203	256	27
55819	203	257	27
55820	203	258	27
55822	203	260	27
55823	203	261	27
55824	203	263	27
55826	203	265	27
55827	203	266	27
55828	203	267	27
55829	203	268	27
55830	203	269	27
55831	203	270	27
55832	203	271	27
55833	203	272	27
55834	203	273	27
55835	203	274	27
55836	203	275	27
55837	203	276	27
55839	203	278	27
55840	203	279	27
55841	203	280	27
55842	203	281	27
55843	203	282	27
55845	203	284	27
55846	203	285	27
55848	203	287	27
55849	203	288	27
55850	203	289	27
56136	204	244	27
56137	204	245	27
56138	204	246	27
56139	204	247	27
56140	204	248	27
56141	204	249	27
56142	204	250	27
56143	204	251	27
56144	204	252	27
56145	204	253	27
56146	204	254	27
56147	204	255	27
56148	204	256	27
56149	204	257	27
56150	204	258	27
56151	204	259	27
56152	204	260	27
56153	204	261	27
56154	204	262	27
56155	204	263	27
56156	204	264	27
56157	204	265	27
56158	204	266	27
56159	204	267	27
56160	204	268	27
56161	204	269	27
56162	204	270	27
56163	204	271	27
56164	204	272	27
56165	204	273	27
56166	204	274	27
56167	204	275	27
56168	204	276	27
56169	204	277	27
56171	204	279	27
56172	204	280	27
56173	204	281	27
56174	204	282	27
56176	204	284	27
56178	204	286	27
56181	204	289	27
56466	205	243	27
56469	205	246	27
56475	205	252	27
56476	205	253	27
56477	205	254	27
56478	205	255	27
56480	205	257	27
56481	205	258	27
56482	205	259	27
56483	205	260	27
56484	205	261	27
56485	205	262	27
56486	205	263	27
56487	205	264	27
56488	205	265	27
56489	205	266	27
56490	205	267	27
56491	205	268	27
56492	205	269	27
56493	205	270	27
56494	205	271	27
56495	205	272	27
56496	205	273	27
56497	205	274	27
56498	205	275	27
56501	205	278	27
56502	205	279	27
56503	205	280	27
56504	205	281	27
56506	205	283	27
56508	205	285	27
56509	205	286	27
56511	205	288	27
56512	205	289	27
56794	206	241	27
56797	206	244	27
56798	206	245	27
56799	206	246	27
56800	206	247	27
56801	206	248	27
56802	206	249	27
56803	206	250	27
56804	206	251	27
56805	206	252	27
56806	206	253	27
56807	206	254	27
56808	206	255	27
56809	206	256	27
56810	206	257	27
56812	206	259	27
56813	206	260	27
56814	206	261	27
56816	206	263	27
56817	206	264	27
56818	206	265	27
56819	206	266	27
56820	206	267	27
56821	206	268	27
56822	206	269	27
56823	206	270	27
56824	206	271	27
56825	206	272	27
56826	206	273	27
56827	206	274	27
56828	206	275	27
56829	206	276	27
56832	206	279	27
56833	206	280	27
56834	206	281	27
56835	206	282	27
56836	206	283	27
56837	206	284	27
56840	206	287	27
56842	206	289	27
56843	206	290	27
56845	206	292	27
56846	206	293	27
57127	207	244	27
57128	207	245	27
57130	207	247	27
57131	207	248	27
57133	207	250	27
57134	207	251	27
57135	207	252	27
57136	207	253	27
57137	207	254	27
57138	207	255	27
57139	207	256	27
57140	207	257	27
57142	207	259	27
57143	207	260	27
57144	207	261	27
57145	207	262	27
57146	207	263	27
57147	207	264	27
57149	207	266	27
57150	207	267	27
57151	207	268	27
57152	207	269	27
57153	207	270	27
57154	207	271	27
57155	207	272	27
57156	207	273	27
57158	207	275	27
57159	207	276	27
57160	207	277	27
57161	207	278	27
57163	207	280	27
57164	207	281	27
57165	207	282	27
57166	207	283	27
57167	207	284	27
57168	207	285	27
57169	207	286	27
57170	207	287	27
57172	207	289	27
57173	207	290	27
57174	207	291	27
57175	207	292	27
57179	207	296	27
57458	208	246	27
57459	208	247	27
57460	208	248	27
57463	208	251	27
57464	208	252	27
57465	208	253	27
57466	208	254	27
57467	208	255	27
57471	208	259	27
57473	208	261	27
57474	208	262	27
57475	208	263	27
57476	208	264	27
57477	208	265	27
57478	208	266	27
57479	208	267	27
57480	208	268	27
57481	208	269	27
57482	208	270	27
57483	208	271	27
57484	208	272	27
57485	208	273	27
57486	208	274	27
57487	208	275	27
57488	208	276	27
57489	208	277	27
57491	208	279	27
57492	208	280	27
57493	208	281	27
57494	208	282	27
57495	208	283	27
57496	208	284	27
57498	208	286	27
57499	208	287	27
57500	208	288	27
57501	208	289	27
57502	208	290	27
57504	208	292	27
57506	208	294	27
57508	208	296	27
57786	209	244	27
57787	209	245	27
57791	209	249	27
57792	209	250	27
57793	209	251	27
57794	209	252	27
57795	209	253	27
57796	209	254	27
57797	209	255	27
57798	209	256	27
57799	209	257	27
57803	209	261	27
57804	209	262	27
57805	209	263	27
57806	209	264	27
57807	209	265	27
57808	209	266	27
57809	209	267	27
57810	209	268	27
57811	209	269	27
57812	209	270	27
57813	209	271	27
57814	209	272	27
57815	209	273	27
57816	209	274	27
57817	209	275	27
57820	209	278	27
57821	209	279	27
57822	209	280	27
57824	209	282	27
57825	209	283	27
57826	209	284	27
57827	209	285	27
57828	209	286	27
57829	209	287	27
57830	209	288	27
57831	209	289	27
57832	209	290	27
57833	209	291	27
57834	209	292	27
57839	209	297	27
57840	209	298	27
58117	210	245	27
58120	210	248	27
58122	210	250	27
58123	210	251	27
58124	210	252	27
58125	210	253	27
58126	210	254	27
58127	210	255	27
58128	210	256	27
58129	210	257	27
58130	210	258	27
58131	210	259	27
58133	210	261	27
58134	210	262	27
58135	210	263	27
58136	210	264	27
58137	210	265	27
58138	210	266	27
58139	210	267	27
58140	210	268	27
58141	210	269	27
58143	210	271	27
58144	210	272	27
58145	210	273	27
58146	210	274	27
58147	210	275	27
58148	210	276	27
58149	210	277	27
58150	210	278	27
58151	210	279	27
58152	210	280	27
58153	210	281	27
58154	210	282	27
58155	210	283	27
58156	210	284	27
58157	210	285	27
58158	210	286	27
58159	210	287	27
58160	210	288	27
58161	210	289	27
58164	210	292	27
58165	210	293	27
58167	210	295	27
58168	210	296	27
58452	211	250	27
58454	211	252	27
58455	211	253	27
58456	211	254	27
58457	211	255	27
58458	211	256	27
58459	211	257	27
58460	211	258	27
58461	211	259	27
58462	211	260	27
58463	211	261	27
58464	211	262	27
58465	211	263	27
58466	211	264	27
58467	211	265	27
58468	211	266	27
58469	211	267	27
58470	211	268	27
58471	211	269	27
58472	211	270	27
58473	211	271	27
58474	211	272	27
58475	211	273	27
58476	211	274	27
58477	211	275	27
58478	211	276	27
58479	211	277	27
58480	211	278	27
58481	211	279	27
58482	211	280	27
58483	211	281	27
58484	211	282	27
58485	211	283	27
58486	211	284	27
58487	211	285	27
58488	211	286	27
58489	211	287	27
58491	211	289	27
58492	211	290	27
58494	211	292	27
58496	211	294	27
58497	211	295	27
58498	211	296	27
58499	211	297	27
58500	211	298	27
58783	212	250	27
58784	212	251	27
58786	212	253	27
58787	212	254	27
58788	212	255	27
58789	212	256	27
58790	212	257	27
58791	212	258	27
58792	212	259	27
58793	212	260	27
58794	212	261	27
58795	212	262	27
58796	212	263	27
58797	212	264	27
58798	212	265	27
58800	212	267	27
58801	212	268	27
58802	212	269	27
58803	212	270	27
58804	212	271	27
58805	212	272	27
58807	212	274	27
58808	212	275	27
58809	212	276	27
58811	212	278	27
58813	212	280	27
58814	212	281	27
58815	212	282	27
58816	212	283	27
58817	212	284	27
58818	212	285	27
58819	212	286	27
58821	212	288	27
58822	212	289	27
58823	212	290	27
58824	212	291	27
58825	212	292	27
58826	212	293	27
58831	212	298	27
59114	213	249	27
59115	213	250	27
59116	213	251	27
59119	213	254	27
59120	213	255	27
59121	213	256	27
59123	213	258	27
59124	213	259	27
59125	213	260	27
59127	213	262	27
59128	213	263	27
59129	213	264	27
59130	213	265	27
59131	213	266	27
59132	213	267	27
59133	213	268	27
59134	213	269	27
59135	213	270	27
59136	213	271	27
59137	213	272	27
59138	213	273	27
59139	213	274	27
59140	213	275	27
59141	213	276	27
59142	213	277	27
59143	213	278	27
59144	213	279	27
59145	213	280	27
59146	213	281	27
59147	213	282	27
59148	213	283	27
59149	213	284	27
59150	213	285	27
59151	213	286	27
59152	213	287	27
59153	213	288	27
59154	213	289	27
59155	213	290	27
59156	213	291	27
59157	213	292	27
59158	213	293	27
59159	213	294	27
59160	213	295	27
59161	213	296	27
59451	214	254	27
59452	214	255	27
59453	214	256	27
59454	214	257	27
59455	214	258	27
59456	214	259	27
59457	214	260	27
59458	214	261	27
59459	214	262	27
59460	214	263	27
59461	214	264	27
59462	214	265	27
59464	214	267	27
59465	214	268	27
59466	214	269	27
59467	214	270	27
59468	214	271	27
59469	214	272	27
59470	214	273	27
59471	214	274	27
59472	214	275	27
59473	214	276	27
59474	214	277	27
59475	214	278	27
59476	214	279	27
59477	214	280	27
59478	214	281	27
59479	214	282	27
59480	214	283	27
59481	214	284	27
59482	214	285	27
59483	214	286	27
59484	214	287	27
59485	214	288	27
59486	214	289	27
59487	214	290	27
59488	214	291	27
59489	214	292	27
59490	214	293	27
59491	214	294	27
59492	214	295	27
59493	214	296	27
59496	214	299	27
59498	214	301	27
59785	215	255	27
59786	215	256	27
59787	215	257	27
59788	215	258	27
59789	215	259	27
59790	215	260	27
59791	215	261	27
59792	215	262	27
59793	215	263	27
59794	215	264	27
59795	215	265	27
59797	215	267	27
59798	215	268	27
59799	215	269	27
59800	215	270	27
59801	215	271	27
59802	215	272	27
59803	215	273	27
59804	215	274	27
59805	215	275	27
59806	215	276	27
59807	215	277	27
59808	215	278	27
59809	215	279	27
59810	215	280	27
59811	215	281	27
59813	215	283	27
59814	215	284	27
59815	215	285	27
59816	215	286	27
59817	215	287	27
59818	215	288	27
59819	215	289	27
59820	215	290	27
59821	215	291	27
59822	215	292	27
59823	215	293	27
59824	215	294	27
59826	215	296	27
59827	215	297	27
59829	215	299	27
60118	216	255	27
60119	216	256	27
60120	216	257	27
60121	216	258	27
60122	216	259	27
60124	216	261	27
60125	216	262	27
60126	216	263	27
60127	216	264	27
60128	216	265	27
60129	216	266	27
60130	216	267	27
60131	216	268	27
60132	216	269	27
60134	216	271	27
60135	216	272	27
60136	216	273	27
60137	216	274	27
60138	216	275	27
60139	216	276	27
60140	216	277	27
60141	216	278	27
60142	216	279	27
60143	216	280	27
60144	216	281	27
60145	216	282	27
60146	216	283	27
60147	216	284	27
60148	216	285	27
60149	216	286	27
60150	216	287	27
60152	216	289	27
60153	216	290	27
60154	216	291	27
60155	216	292	27
60156	216	293	27
60158	216	295	27
60159	216	296	27
60162	216	299	27
60163	216	300	27
60164	216	301	27
60452	217	256	27
60453	217	257	27
60454	217	258	27
60455	217	259	27
60456	217	260	27
60457	217	261	27
60458	217	262	27
60459	217	263	27
60460	217	264	27
60461	217	265	27
60462	217	266	27
60463	217	267	27
60464	217	268	27
60465	217	269	27
60468	217	272	27
60469	217	273	27
60470	217	274	27
60471	217	275	27
60472	217	276	27
60473	217	277	27
60474	217	278	27
60476	217	280	27
60478	217	282	27
60479	217	283	27
60480	217	284	27
60481	217	285	27
60482	217	286	27
60483	217	287	27
60484	217	288	27
60485	217	289	27
60486	217	290	27
60487	217	291	27
60488	217	292	27
60489	217	293	27
60490	217	294	27
60491	217	295	27
60492	217	296	27
60493	217	297	27
60494	217	298	27
60496	217	300	27
60499	217	303	27
60783	218	255	27
60784	218	256	27
60785	218	257	27
60786	218	258	27
60787	218	259	27
60788	218	260	27
60789	218	261	27
60790	218	262	27
60791	218	263	27
60793	218	265	27
60794	218	266	27
60795	218	267	27
60804	218	276	27
60806	218	278	27
60807	218	279	27
60808	218	280	27
60809	218	281	27
60810	218	282	27
60811	218	283	27
60812	218	284	27
60813	218	285	27
60814	218	286	27
60815	218	287	27
60816	218	288	27
60817	218	289	27
60818	218	290	27
60819	218	291	27
60820	218	292	27
60821	218	293	27
60823	218	295	27
60824	218	296	27
60825	218	297	27
60826	218	298	27
60827	218	299	27
60828	218	300	27
60829	218	301	27
61115	219	255	27
61117	219	257	27
61118	219	258	27
61119	219	259	27
61120	219	260	27
61121	219	261	27
61122	219	262	27
61123	219	263	27
61124	219	264	27
61125	219	265	27
61126	219	266	27
61127	219	267	27
61128	219	268	27
61129	219	269	27
61130	219	270	27
61132	219	272	27
61134	219	274	27
61136	219	276	27
61137	219	277	27
61139	219	279	27
61140	219	280	27
61141	219	281	27
61142	219	282	27
61145	219	285	27
61146	219	286	27
61147	219	287	27
61148	219	288	27
61149	219	289	27
61150	219	290	27
61151	219	291	27
61152	219	292	27
61153	219	293	27
61154	219	294	27
61155	219	295	27
61156	219	296	27
61157	219	297	27
61159	219	299	27
61160	219	300	27
61161	219	301	27
61162	219	302	27
61449	220	257	27
61450	220	258	27
61451	220	259	27
61452	220	260	27
61453	220	261	27
61454	220	262	27
61455	220	263	27
61456	220	264	27
61458	220	266	27
61459	220	267	27
61460	220	268	27
61461	220	269	27
61462	220	270	27
61463	220	271	27
61464	220	272	27
61465	220	273	27
61472	220	280	27
61473	220	281	27
61474	220	282	27
61476	220	284	27
61477	220	285	27
61478	220	286	27
61479	220	287	27
61480	220	288	27
61481	220	289	27
61482	220	290	27
61483	220	291	27
61484	220	292	27
61485	220	293	27
61486	220	294	27
61487	220	295	27
61488	220	296	27
61489	220	297	27
61490	220	298	27
61492	220	300	27
61493	220	301	27
61494	220	302	27
61495	220	303	27
61780	221	257	27
61781	221	258	27
61782	221	259	27
61783	221	260	27
61785	221	262	27
61786	221	263	27
61787	221	264	27
61788	221	265	27
61790	221	267	27
61791	221	268	27
61792	221	269	27
61793	221	270	27
61799	221	276	27
61804	221	281	27
61805	221	282	27
61806	221	283	27
61807	221	284	27
61808	221	285	27
61809	221	286	27
61810	221	287	27
61811	221	288	27
61812	221	289	27
61813	221	290	27
61814	221	291	27
61815	221	292	27
61816	221	293	27
61817	221	294	27
61818	221	295	27
61819	221	296	27
61820	221	297	27
61821	221	298	27
61822	221	299	27
61826	221	303	27
62111	222	257	27
62112	222	258	27
62113	222	259	27
62117	222	263	27
62118	222	264	27
62119	222	265	27
62120	222	266	27
62121	222	267	27
62122	222	268	27
62123	222	269	27
62124	222	270	27
62125	222	271	27
62126	222	272	27
62129	222	275	27
62132	222	278	27
62134	222	280	27
62135	222	281	27
62137	222	283	27
62138	222	284	27
62139	222	285	27
62140	222	286	27
62141	222	287	27
62142	222	288	27
62143	222	289	27
62144	222	290	27
62145	222	291	27
62146	222	292	27
62147	222	293	27
62148	222	294	27
62149	222	295	27
62150	222	296	27
62152	222	298	27
62153	222	299	27
62154	222	300	27
62155	222	301	27
62156	222	302	27
62441	223	256	27
62444	223	259	27
62445	223	260	27
62446	223	261	27
62449	223	264	27
62450	223	265	27
62453	223	268	27
62454	223	269	27
62455	223	270	27
62456	223	271	27
62457	223	272	27
62459	223	274	27
62461	223	276	27
62468	223	283	27
62469	223	284	27
62470	223	285	27
62471	223	286	27
62472	223	287	27
62473	223	288	27
62474	223	289	27
62475	223	290	27
62476	223	291	27
62477	223	292	27
62478	223	293	27
62479	223	294	27
62480	223	295	27
62481	223	296	27
62482	223	297	27
62483	223	298	27
62484	223	299	27
62485	223	300	27
62486	223	301	27
62773	224	257	27
62775	224	259	27
62776	224	260	27
62777	224	261	27
62779	224	263	27
62780	224	264	27
62781	224	265	27
62782	224	266	27
62783	224	267	27
62784	224	268	27
62785	224	269	27
62786	224	270	27
62787	224	271	27
62788	224	272	27
62791	224	275	27
62797	224	281	27
62798	224	282	27
62800	224	284	27
62801	224	285	27
62802	224	286	27
62803	224	287	27
62804	224	288	27
62806	224	290	27
62807	224	291	27
62808	224	292	27
62809	224	293	27
62810	224	294	27
62811	224	295	27
62812	224	296	27
62813	224	297	27
62814	224	298	27
62815	224	299	27
62816	224	300	27
62817	224	301	27
62818	224	302	27
62819	224	303	27
63104	225	257	27
63116	225	269	27
63117	225	270	27
63118	225	271	27
63119	225	272	27
63120	225	273	27
63121	225	274	27
63122	225	275	27
63128	225	281	27
63129	225	282	27
63133	225	286	27
63134	225	287	27
63135	225	288	27
63136	225	289	27
63137	225	290	27
63138	225	291	27
63139	225	292	27
63140	225	293	27
63142	225	295	27
63143	225	296	27
63144	225	297	27
63145	225	298	27
63146	225	299	27
63147	225	300	27
63148	225	301	27
63149	225	302	27
63150	225	303	27
63151	225	304	27
63152	225	305	27
63153	225	306	27
63436	226	258	27
63439	226	261	27
63440	226	262	27
63441	226	263	27
63442	226	264	27
63445	226	267	27
63446	226	268	27
63447	226	269	27
63448	226	270	27
63449	226	271	27
63450	226	272	27
63451	226	273	27
63452	226	274	27
63453	226	275	27
63458	226	280	27
63462	226	284	27
63463	226	285	27
63465	226	287	27
63466	226	288	27
63467	226	289	27
63468	226	290	27
63470	226	292	27
63471	226	293	27
63472	226	294	27
63473	226	295	27
63474	226	296	27
63475	226	297	27
63476	226	298	27
63477	226	299	27
63478	226	300	27
63479	226	301	27
63480	226	302	27
63481	226	303	27
63482	226	304	27
63483	226	305	27
63484	226	306	27
63485	226	307	27
63486	226	308	27
63770	227	261	27
63771	227	262	27
63772	227	263	27
63773	227	264	27
63774	227	265	27
63777	227	268	27
63778	227	269	27
63779	227	270	27
63780	227	271	27
63781	227	272	27
63782	227	273	27
63783	227	274	27
63784	227	275	27
63786	227	277	27
63788	227	279	27
63792	227	283	27
63793	227	284	27
63794	227	285	27
63796	227	287	27
63797	227	288	27
63798	227	289	27
63799	227	290	27
63800	227	291	27
63801	227	292	27
63802	227	293	27
63803	227	294	27
63805	227	296	27
63806	227	297	27
63807	227	298	27
63809	227	300	27
63810	227	301	27
63811	227	302	27
63812	227	303	27
63814	227	305	27
63815	227	306	27
63816	227	307	27
64101	228	261	27
64102	228	262	27
64103	228	263	27
64105	228	265	27
64106	228	266	27
64107	228	267	27
64108	228	268	27
64110	228	270	27
64111	228	271	27
64112	228	272	27
64113	228	273	27
64114	228	274	27
64115	228	275	27
64116	228	276	27
64118	228	278	27
64128	228	288	27
64129	228	289	27
64130	228	290	27
64131	228	291	27
64132	228	292	27
64133	228	293	27
64134	228	294	27
64135	228	295	27
64136	228	296	27
64137	228	297	27
64138	228	298	27
64139	228	299	27
64140	228	300	27
64141	228	301	27
64142	228	302	27
64143	228	303	27
64146	228	306	27
64148	228	308	27
64431	229	260	27
64432	229	261	27
64433	229	262	27
64434	229	263	27
64437	229	266	27
64438	229	267	27
64439	229	268	27
64441	229	270	27
64442	229	271	27
64443	229	272	27
64444	229	273	27
64445	229	274	27
64446	229	275	27
64447	229	276	27
64448	229	277	27
64449	229	278	27
64457	229	286	27
64461	229	290	27
64462	229	291	27
64463	229	292	27
64464	229	293	27
64465	229	294	27
64466	229	295	27
64467	229	296	27
64468	229	297	27
64469	229	298	27
64470	229	299	27
64471	229	300	27
64473	229	302	27
64474	229	303	27
64475	229	304	27
64476	229	305	27
64477	229	306	27
64479	229	308	27
64765	230	263	27
64766	230	264	27
64767	230	265	27
64768	230	266	27
64769	230	267	27
64771	230	269	27
64772	230	270	27
64773	230	271	27
64774	230	272	27
64775	230	273	27
64776	230	274	27
64777	230	275	27
64778	230	276	27
64779	230	277	27
64781	230	279	27
64792	230	290	27
64793	230	291	27
64794	230	292	27
64795	230	293	27
64796	230	294	27
64797	230	295	27
64798	230	296	27
64799	230	297	27
64800	230	298	27
64801	230	299	27
64802	230	300	27
64803	230	301	27
64804	230	302	27
64805	230	303	27
64806	230	304	27
64807	230	305	27
64809	230	307	27
64812	230	310	27
65093	231	260	27
65094	231	261	27
65095	231	262	27
65096	231	263	27
65097	231	264	27
65098	231	265	27
65101	231	268	27
65102	231	269	27
65104	231	271	27
65105	231	272	27
65106	231	273	27
65107	231	274	27
65108	231	275	27
65109	231	276	27
65110	231	277	27
65111	231	278	27
65121	231	288	27
65126	231	293	27
65127	231	294	27
65128	231	295	27
65129	231	296	27
65132	231	299	27
65133	231	300	27
65135	231	302	27
65136	231	303	27
65137	231	304	27
65138	231	305	27
65139	231	306	27
65140	231	307	27
65141	231	308	27
65142	231	309	27
65143	231	310	27
65144	231	311	27
65427	232	263	27
65428	232	264	27
65429	232	265	27
65430	232	266	27
65431	232	267	27
65432	232	268	27
65433	232	269	27
65435	232	271	27
65438	232	274	27
65439	232	275	27
65440	232	276	27
65441	232	277	27
65442	232	278	27
65444	232	280	27
65455	232	291	27
65457	232	293	27
65458	232	294	27
65459	232	295	27
65461	232	297	27
65463	232	299	27
65464	232	300	27
65465	232	301	27
65466	232	302	27
65467	232	303	27
65468	232	304	27
65469	232	305	27
65470	232	306	27
65473	232	309	27
65474	232	310	27
65476	232	312	27
65756	233	261	27
65757	233	262	27
65759	233	264	27
65760	233	265	27
65761	233	266	27
65762	233	267	27
65764	233	269	27
65765	233	270	27
65766	233	271	27
65767	233	272	27
65768	233	273	27
65769	233	274	27
65770	233	275	27
65771	233	276	27
65772	233	277	27
65773	233	278	27
65774	233	279	27
65776	233	281	27
65788	233	293	27
65789	233	294	27
65792	233	297	27
65793	233	298	27
65794	233	299	27
65795	233	300	27
65796	233	301	27
65800	233	305	27
65802	233	307	27
65804	233	309	27
65805	233	310	27
66086	234	260	27
66087	234	261	27
66088	234	262	27
66092	234	266	27
66093	234	267	27
66094	234	268	27
66095	234	269	27
66096	234	270	27
66097	234	271	27
66098	234	272	27
66099	234	273	27
66100	234	274	27
66101	234	275	27
66102	234	276	27
66103	234	277	27
66104	234	278	27
66105	234	279	27
66106	234	280	27
66107	234	281	27
66118	234	292	27
66119	234	293	27
66120	234	294	27
66121	234	295	27
66122	234	296	27
66123	234	297	27
66124	234	298	27
66126	234	300	27
66127	234	301	27
66128	234	302	27
66129	234	303	27
66130	234	304	27
66131	234	305	27
66132	234	306	27
66135	234	309	27
66136	234	310	27
66137	234	311	27
66139	234	313	27
66140	234	314	27
66141	234	315	27
66419	235	262	27
66420	235	263	27
66425	235	268	27
66426	235	269	27
66427	235	270	27
66428	235	271	27
66429	235	272	27
66430	235	273	27
66431	235	274	27
66433	235	276	27
66434	235	277	27
66435	235	278	27
66436	235	279	27
66437	235	280	27
66440	235	283	27
66441	235	284	27
66450	235	293	27
66452	235	295	27
66453	235	296	27
66454	235	297	27
66455	235	298	27
66456	235	299	27
66457	235	300	27
66458	235	301	27
66459	235	302	27
66462	235	305	27
66463	235	306	27
66465	235	308	27
66466	235	309	27
66467	235	310	27
66468	235	311	27
66469	235	312	27
66471	235	314	27
66472	235	315	27
66534	236	46	36
66537	236	49	36
66751	236	263	27
66753	236	265	27
66754	236	266	27
66755	236	267	27
66756	236	268	27
66757	236	269	27
66758	236	270	27
66759	236	271	27
66760	236	272	27
66761	236	273	27
66762	236	274	27
66763	236	275	27
66764	236	276	27
66765	236	277	27
66766	236	278	27
66767	236	279	27
66768	236	280	27
66769	236	281	27
66779	236	291	27
66782	236	294	27
66783	236	295	27
66784	236	296	27
66785	236	297	27
66786	236	298	27
66787	236	299	27
66788	236	300	27
66789	236	301	27
66790	236	302	27
66792	236	304	27
66793	236	305	27
66795	236	307	27
66796	236	308	27
66797	236	309	27
66798	236	310	27
66799	236	311	27
66800	236	312	27
66801	236	313	27
66802	236	314	27
66803	236	315	27
66864	237	45	36
66865	237	46	36
66868	237	49	36
67085	237	266	27
67086	237	267	27
67087	237	268	27
67088	237	269	27
67089	237	270	27
67090	237	271	27
67091	237	272	27
67092	237	273	27
67093	237	274	27
67094	237	275	27
67095	237	276	27
67096	237	277	27
67097	237	278	27
67098	237	279	27
67099	237	280	27
67100	237	281	27
67101	237	282	27
67103	237	284	27
67113	237	294	27
67115	237	296	27
67116	237	297	27
67117	237	298	27
67118	237	299	27
67119	237	300	27
67120	237	301	27
67121	237	302	27
67122	237	303	27
67123	237	304	27
67124	237	305	27
67125	237	306	27
67126	237	307	27
67129	237	310	27
67130	237	311	27
67131	237	312	27
67132	237	313	27
67133	237	314	27
67135	237	316	27
67137	237	318	27
67193	238	43	36
67194	238	44	36
67195	238	45	36
67197	238	47	36
67199	238	49	36
67200	238	50	36
67417	238	267	27
67418	238	268	27
67419	238	269	27
67420	238	270	27
67422	238	272	27
67423	238	273	27
67424	238	274	27
67425	238	275	27
67426	238	276	27
67427	238	277	27
67428	238	278	27
67429	238	279	27
67430	238	280	27
67431	238	281	27
67432	238	282	27
67436	238	286	27
67437	238	287	27
67446	238	296	27
67448	238	298	27
67449	238	299	27
67450	238	300	27
67451	238	301	27
67452	238	302	27
67453	238	303	27
67454	238	304	27
67455	238	305	27
67456	238	306	27
67457	238	307	27
67458	238	308	27
67459	238	309	27
67460	238	310	27
67461	238	311	27
67462	238	312	27
67464	238	314	27
67465	238	315	27
67466	238	316	27
67467	238	317	27
67523	239	43	36
67524	239	44	36
67525	239	45	36
67526	239	46	36
67527	239	47	36
67528	239	48	36
67529	239	49	36
67530	239	50	36
67744	239	264	27
67746	239	266	27
67747	239	267	27
67748	239	268	27
67749	239	269	27
67750	239	270	27
67751	239	271	27
67752	239	272	27
67753	239	273	27
67754	239	274	27
67755	239	275	27
67756	239	276	27
67757	239	277	27
67759	239	279	27
67760	239	280	27
67761	239	281	27
67762	239	282	27
67763	239	283	27
67764	239	284	27
67768	239	288	27
67769	239	289	27
67775	239	295	27
67776	239	296	27
67777	239	297	27
67779	239	299	27
67780	239	300	27
67781	239	301	27
67782	239	302	27
67783	239	303	27
67784	239	304	27
67785	239	305	27
67786	239	306	27
67787	239	307	27
67788	239	308	27
67789	239	309	27
67790	239	310	27
67792	239	312	27
67793	239	313	27
67794	239	314	27
67795	239	315	27
67796	239	316	27
67800	239	320	27
67853	240	43	36
67855	240	45	36
67856	240	46	36
67857	240	47	36
67858	240	48	36
67859	240	49	36
67860	240	50	36
67861	240	51	36
67862	240	52	36
67864	240	54	36
68076	240	266	27
68079	240	269	27
68080	240	270	27
68082	240	272	27
68083	240	273	27
68084	240	274	27
68085	240	275	27
68086	240	276	27
68087	240	277	27
68088	240	278	27
68089	240	279	27
68090	240	280	27
68091	240	281	27
68092	240	282	27
68093	240	283	27
68094	240	284	27
68095	240	285	27
68096	240	286	27
68106	240	296	27
68110	240	300	27
68111	240	301	27
68112	240	302	27
68113	240	303	27
68115	240	305	27
68116	240	306	27
68117	240	307	27
68118	240	308	27
68119	240	309	27
68120	240	310	27
68121	240	311	27
68122	240	312	27
68123	240	313	27
68124	240	314	27
68125	240	315	27
68126	240	316	27
68127	240	317	27
68182	241	43	36
68183	241	44	36
68184	241	45	36
68185	241	46	36
68186	241	47	36
68187	241	48	36
68188	241	49	36
68189	241	50	36
68190	241	51	36
68191	241	52	36
68192	241	53	36
68193	241	54	36
68408	241	269	27
68409	241	270	27
68410	241	271	27
68411	241	272	27
68412	241	273	27
68413	241	274	27
68414	241	275	27
68415	241	276	27
68416	241	277	27
68417	241	278	27
68418	241	279	27
68419	241	280	27
68420	241	281	27
68421	241	282	27
68422	241	283	27
68423	241	284	27
68424	241	285	27
68425	241	286	27
68426	241	287	27
68431	241	292	27
68434	241	295	27
68436	241	297	27
68438	241	299	27
68439	241	300	27
68440	241	301	27
68441	241	302	27
68442	241	303	27
68443	241	304	27
68444	241	305	27
68445	241	306	27
68446	241	307	27
68447	241	308	27
68448	241	309	27
68449	241	310	27
68450	241	311	27
68451	241	312	27
68452	241	313	27
68453	241	314	27
68454	241	315	27
68455	241	316	27
68456	241	317	27
68457	241	318	27
68458	241	319	27
68513	242	45	36
68514	242	46	36
68515	242	47	36
68516	242	48	36
68517	242	49	36
68518	242	50	36
68520	242	52	36
68522	242	54	36
68733	242	265	27
68734	242	266	27
68736	242	268	27
68739	242	271	27
68740	242	272	27
68741	242	273	27
68742	242	274	27
68743	242	275	27
68744	242	276	27
68745	242	277	27
68746	242	278	27
68747	242	279	27
68748	242	280	27
68750	242	282	27
68751	242	283	27
68752	242	284	27
68753	242	285	27
68754	242	286	27
68755	242	287	27
68759	242	291	27
68762	242	294	27
68763	242	295	27
68765	242	297	27
68766	242	298	27
68768	242	300	27
68769	242	301	27
68770	242	302	27
68771	242	303	27
68772	242	304	27
68773	242	305	27
68774	242	306	27
68775	242	307	27
68776	242	308	27
68777	242	309	27
68781	242	313	27
68782	242	314	27
68783	242	315	27
68784	242	316	27
68785	242	317	27
68786	242	318	27
68787	242	319	27
68842	243	46	36
68844	243	48	36
68845	243	49	36
68846	243	50	36
69064	243	268	27
69065	243	269	27
69066	243	270	27
69068	243	272	27
69069	243	273	27
69070	243	274	27
69071	243	275	27
69072	243	276	27
69073	243	277	27
69074	243	278	27
69075	243	279	27
69076	243	280	27
69077	243	281	27
69078	243	282	27
69079	243	283	27
69080	243	284	27
69081	243	285	27
69082	243	286	27
69083	243	287	27
69084	243	288	27
69085	243	289	27
69086	243	290	27
69089	243	293	27
69094	243	298	27
69096	243	300	27
69097	243	301	27
69098	243	302	27
69099	243	303	27
69100	243	304	27
69101	243	305	27
69102	243	306	27
69103	243	307	27
69104	243	308	27
69105	243	309	27
69108	243	312	27
69109	243	313	27
69111	243	315	27
69112	243	316	27
69113	243	317	27
69115	243	319	27
69173	244	49	36
69391	244	267	27
69392	244	268	27
69395	244	271	27
69396	244	272	27
69397	244	273	27
69398	244	274	27
69399	244	275	27
69400	244	276	27
69401	244	277	27
69402	244	278	27
69403	244	279	27
69405	244	281	27
69406	244	282	27
69407	244	283	27
69409	244	285	27
69410	244	286	27
69411	244	287	27
69412	244	288	27
69413	244	289	27
69414	244	290	27
69415	244	291	27
69417	244	293	27
69418	244	294	27
69421	244	297	27
69424	244	300	27
69425	244	301	27
69426	244	302	27
69427	244	303	27
69428	244	304	27
69429	244	305	27
69431	244	307	27
69432	244	308	27
69433	244	309	27
69434	244	310	27
69435	244	311	27
69436	244	312	27
69437	244	313	27
69438	244	314	27
69439	244	315	27
69440	244	316	27
69441	244	317	27
69444	244	320	27
69653	245	201	38
69720	245	268	27
69723	245	271	27
69724	245	272	27
69725	245	273	27
69726	245	274	27
69727	245	275	27
69728	245	276	27
69729	245	277	27
69730	245	278	27
69732	245	280	27
69734	245	282	27
69735	245	283	27
69736	245	284	27
69737	245	285	27
69738	245	286	27
69739	245	287	27
69740	245	288	27
69741	245	289	27
69742	245	290	27
69743	245	291	27
69744	245	292	27
69745	245	293	27
69746	245	294	27
69748	245	296	27
69752	245	300	27
69753	245	301	27
69754	245	302	27
69755	245	303	27
69756	245	304	27
69757	245	305	27
69758	245	306	27
69759	245	307	27
69760	245	308	27
69761	245	309	27
69762	245	310	27
69763	245	311	27
69764	245	312	27
69765	245	313	27
69767	245	315	27
69768	245	316	27
69769	245	317	27
69770	245	318	27
69771	245	319	27
69772	245	320	27
69773	245	321	27
69774	245	322	27
69775	245	323	27
70047	246	268	27
70049	246	270	27
70050	246	271	27
70051	246	272	27
70052	246	273	27
70053	246	274	27
70054	246	275	27
70055	246	276	27
70056	246	277	27
70057	246	278	27
70058	246	279	27
70060	246	281	27
70061	246	282	27
70062	246	283	27
70063	246	284	27
70064	246	285	27
70065	246	286	27
70066	246	287	27
70067	246	288	27
70068	246	289	27
70069	246	290	27
70070	246	291	27
70071	246	292	27
70072	246	293	27
70073	246	294	27
70074	246	295	27
70076	246	297	27
70079	246	300	27
70081	246	302	27
70082	246	303	27
70083	246	304	27
70084	246	305	27
70085	246	306	27
70086	246	307	27
70087	246	308	27
70088	246	309	27
70089	246	310	27
70090	246	311	27
70091	246	312	27
70093	246	314	27
70094	246	315	27
70095	246	316	27
70096	246	317	27
70097	246	318	27
70098	246	319	27
70099	246	320	27
70102	246	323	27
70304	247	198	38
70305	247	199	38
70377	247	271	27
70378	247	272	27
70380	247	274	27
70381	247	275	27
70382	247	276	27
70383	247	277	27
70384	247	278	27
70386	247	280	27
70388	247	282	27
70391	247	285	27
70392	247	286	27
70393	247	287	27
70394	247	288	27
70395	247	289	27
70396	247	290	27
70397	247	291	27
70398	247	292	27
70399	247	293	27
70400	247	294	27
70401	247	295	27
70402	247	296	27
70403	247	297	27
70404	247	298	27
70407	247	301	27
70408	247	302	27
70409	247	303	27
70410	247	304	27
70411	247	305	27
70412	247	306	27
70413	247	307	27
70414	247	308	27
70415	247	309	27
70416	247	310	27
70417	247	311	27
70418	247	312	27
70419	247	313	27
70420	247	314	27
70422	247	316	27
70423	247	317	27
70424	247	318	27
70425	247	319	27
70426	247	320	27
70428	247	322	27
70429	247	323	27
70430	247	324	27
70629	248	197	38
70630	248	198	38
70632	248	200	38
70633	248	201	38
70635	248	203	38
70636	248	204	38
70637	248	205	38
70639	248	207	38
70640	248	208	38
70641	248	209	38
70702	248	270	27
70704	248	272	27
70705	248	273	27
70706	248	274	27
70708	248	276	27
70709	248	277	27
70710	248	278	27
70711	248	279	27
70712	248	280	27
70713	248	281	27
70714	248	282	27
70715	248	283	27
70716	248	284	27
70717	248	285	27
70718	248	286	27
70719	248	287	27
70720	248	288	27
70721	248	289	27
70722	248	290	27
70723	248	291	27
70724	248	292	27
70725	248	293	27
70726	248	294	27
70727	248	295	27
70728	248	296	27
70729	248	297	27
70730	248	298	27
70731	248	299	27
70732	248	300	27
70734	248	302	27
70735	248	303	27
70736	248	304	27
70737	248	305	27
70738	248	306	27
70739	248	307	27
70740	248	308	27
70741	248	309	27
70742	248	310	27
70743	248	311	27
70744	248	312	27
70745	248	313	27
70746	248	314	27
70747	248	315	27
70748	248	316	27
70749	248	317	27
70750	248	318	27
70751	248	319	27
70752	248	320	27
70755	248	323	27
70756	248	324	27
70954	249	197	38
70957	249	200	38
70958	249	201	38
70959	249	202	38
70960	249	203	38
70961	249	204	38
70963	249	206	38
70965	249	208	38
70966	249	209	38
70969	249	212	38
71026	249	269	27
71028	249	271	27
71029	249	272	27
71030	249	273	27
71031	249	274	27
71032	249	275	27
71033	249	276	27
71034	249	277	27
71038	249	281	27
71039	249	282	27
71040	249	283	27
71041	249	284	27
71042	249	285	27
71043	249	286	27
71044	249	287	27
71045	249	288	27
71046	249	289	27
71047	249	290	27
71048	249	291	27
71049	249	292	27
71050	249	293	27
71051	249	294	27
71052	249	295	27
71053	249	296	27
71054	249	297	27
71055	249	298	27
71056	249	299	27
71057	249	300	27
71059	249	302	27
71060	249	303	27
71061	249	304	27
71062	249	305	27
71063	249	306	27
71064	249	307	27
71065	249	308	27
71066	249	309	27
71067	249	310	27
71068	249	311	27
71069	249	312	27
71071	249	314	27
71072	249	315	27
71073	249	316	27
71074	249	317	27
71075	249	318	27
71076	249	319	27
71077	249	320	27
71080	249	323	27
71280	250	199	38
71281	250	200	38
71282	250	201	38
71283	250	202	38
71284	250	203	38
71286	250	205	38
71287	250	206	38
71288	250	207	38
71289	250	208	38
71290	250	209	38
71291	250	210	38
71293	250	212	38
71351	250	270	27
71352	250	271	27
71353	250	272	27
71354	250	273	27
71357	250	276	27
71359	250	278	27
71362	250	281	27
71363	250	282	27
71365	250	284	27
71366	250	285	27
71367	250	286	27
71368	250	287	27
71369	250	288	27
71370	250	289	27
71371	250	290	27
71372	250	291	27
71373	250	292	27
71374	250	293	27
71375	250	294	27
71376	250	295	27
71377	250	296	27
71379	250	298	27
71380	250	299	27
71381	250	300	27
71382	250	301	27
71383	250	302	27
71384	250	303	27
71385	250	304	27
71386	250	305	27
71387	250	306	27
71388	250	307	27
71389	250	308	27
71390	250	309	27
71391	250	310	27
71392	250	311	27
71393	250	312	27
71394	250	313	27
71395	250	314	27
71396	250	315	27
71397	250	316	27
71398	250	317	27
71399	250	318	27
71602	251	198	38
71604	251	200	38
71605	251	201	38
71606	251	202	38
71607	251	203	38
71609	251	205	38
71613	251	209	38
71614	251	210	38
71616	251	212	38
71671	251	267	27
71673	251	269	27
71674	251	270	27
71675	251	271	27
71676	251	272	27
71677	251	273	27
71678	251	274	27
71679	251	275	27
71682	251	278	27
71684	251	280	27
71685	251	281	27
71686	251	282	27
71687	251	283	27
71688	251	284	27
71690	251	286	27
71691	251	287	27
71692	251	288	27
71693	251	289	27
71694	251	290	27
71695	251	291	27
71697	251	293	27
71698	251	294	27
71699	251	295	27
71700	251	296	27
71701	251	297	27
71702	251	298	27
71703	251	299	27
71704	251	300	27
71705	251	301	27
71707	251	303	27
71708	251	304	27
71709	251	305	27
71710	251	306	27
71711	251	307	27
71712	251	308	27
71713	251	309	27
71714	251	310	27
71715	251	311	27
71716	251	312	27
71717	251	313	27
71718	251	314	27
71720	251	316	27
71721	251	317	27
71722	251	318	27
71723	251	319	27
71915	252	199	38
71916	252	200	38
71917	252	201	38
71918	252	202	38
71919	252	203	38
71920	252	204	38
71921	252	205	38
71922	252	206	38
71924	252	208	38
71925	252	209	38
71986	252	270	27
71987	252	271	27
71988	252	272	27
71989	252	273	27
71990	252	274	27
71991	252	275	27
71995	252	279	27
71996	252	280	27
71997	252	281	27
71998	252	282	27
71999	252	283	27
72000	252	284	27
72001	252	285	27
72002	252	286	27
72003	252	287	27
72004	252	288	27
72005	252	289	27
72006	252	290	27
72007	252	291	27
72008	252	292	27
72009	252	293	27
72010	252	294	27
72011	252	295	27
72012	252	296	27
72013	252	297	27
72014	252	298	27
72015	252	299	27
72016	252	300	27
72017	252	301	27
72018	252	302	27
72019	252	303	27
72020	252	304	27
72021	252	305	27
72022	252	306	27
72023	252	307	27
72024	252	308	27
72025	252	309	27
72026	252	310	27
72027	252	311	27
72028	252	312	27
72029	252	313	27
72030	252	314	27
72031	252	315	27
72032	252	316	27
72033	252	317	27
72034	252	318	27
72035	252	319	27
72037	252	321	27
72225	253	200	38
72226	253	201	38
72227	253	202	38
72229	253	204	38
72233	253	208	38
72235	253	210	38
72236	253	211	38
72296	253	271	27
72297	253	272	27
72298	253	273	27
72299	253	274	27
72303	253	278	27
72304	253	279	27
72305	253	280	27
72306	253	281	27
72307	253	282	27
72308	253	283	27
72309	253	284	27
72310	253	285	27
72311	253	286	27
72312	253	287	27
72313	253	288	27
72314	253	289	27
72315	253	290	27
72316	253	291	27
72317	253	292	27
72318	253	293	27
72319	253	294	27
72320	253	295	27
72321	253	296	27
72322	253	297	27
72324	253	299	27
72325	253	300	27
72326	253	301	27
72327	253	302	27
72328	253	303	27
72329	253	304	27
72330	253	305	27
72332	253	307	27
72333	253	308	27
72334	253	309	27
72335	253	310	27
72336	253	311	27
72337	253	312	27
72338	253	313	27
72339	253	314	27
72342	253	317	27
72343	253	318	27
72346	253	321	27
72534	254	200	38
72535	254	201	38
72536	254	202	38
72537	254	203	38
72540	254	206	38
72541	254	207	38
72543	254	209	38
72544	254	210	38
72606	254	272	27
72608	254	274	27
72609	254	275	27
72611	254	277	27
72614	254	280	27
72615	254	281	27
72616	254	282	27
72617	254	283	27
72618	254	284	27
72619	254	285	27
72620	254	286	27
72621	254	287	27
72622	254	288	27
72623	254	289	27
72624	254	290	27
72626	254	292	27
72627	254	293	27
72628	254	294	27
72629	254	295	27
72630	254	296	27
72631	254	297	27
72632	254	298	27
72633	254	299	27
72634	254	300	27
72635	254	301	27
72636	254	302	27
72637	254	303	27
72638	254	304	27
72639	254	305	27
72640	254	306	27
72641	254	307	27
72642	254	308	27
72643	254	309	27
72644	254	310	27
72645	254	311	27
72646	254	312	27
72647	254	313	27
72648	254	314	27
72649	254	315	27
72650	254	316	27
72651	254	317	27
72652	254	318	27
72653	254	319	27
72657	254	323	27
72658	254	324	27
72842	255	199	38
72843	255	200	38
72844	255	201	38
72845	255	202	38
72846	255	203	38
72847	255	204	38
72848	255	205	38
72850	255	207	38
72851	255	208	38
72852	255	209	38
72853	255	210	38
72914	255	271	27
72916	255	273	27
72917	255	274	27
72919	255	276	27
72920	255	277	27
72921	255	278	27
72923	255	280	27
72925	255	282	27
72926	255	283	27
72927	255	284	27
72928	255	285	27
72929	255	286	27
72930	255	287	27
72931	255	288	27
72932	255	289	27
72933	255	290	27
72934	255	291	27
72935	255	292	27
72936	255	293	27
72937	255	294	27
72938	255	295	27
72939	255	296	27
72940	255	297	27
72941	255	298	27
72942	255	299	27
72943	255	300	27
72944	255	301	27
72945	255	302	27
72946	255	303	27
72947	255	304	27
72949	255	306	27
72950	255	307	27
72951	255	308	27
72952	255	309	27
72953	255	310	27
72954	255	311	27
72955	255	312	27
72956	255	313	27
72957	255	314	27
72958	255	315	27
72959	255	316	27
72960	255	317	27
72961	255	318	27
72962	255	319	27
72963	255	320	27
72964	255	321	27
73153	256	201	38
73154	256	202	38
73158	256	206	38
73160	256	208	38
73161	256	209	38
73225	256	273	27
73231	256	279	27
73235	256	283	27
73236	256	284	27
73237	256	285	27
73238	256	286	27
73239	256	287	27
73240	256	288	27
73241	256	289	27
73242	256	290	27
73243	256	291	27
73244	256	292	27
73245	256	293	27
73246	256	294	27
73247	256	295	27
73248	256	296	27
73249	256	297	27
73251	256	299	27
73252	256	300	27
73253	256	301	27
73254	256	302	27
73255	256	303	27
73256	256	304	27
73257	256	305	27
73258	256	306	27
73259	256	307	27
73260	256	308	27
73261	256	309	27
73262	256	310	27
73263	256	311	27
73264	256	312	27
73265	256	313	27
73266	256	314	27
73267	256	315	27
73268	256	316	27
73269	256	317	27
73270	256	318	27
73271	256	319	27
73273	256	321	27
73274	256	322	27
73275	256	323	27
73277	256	325	27
73463	257	205	38
73464	257	206	38
73465	257	207	38
73466	257	208	38
73540	257	282	27
73541	257	283	27
73542	257	284	27
73544	257	286	27
73545	257	287	27
73546	257	288	27
73547	257	289	27
73548	257	290	27
73549	257	291	27
73550	257	292	27
73551	257	293	27
73552	257	294	27
73553	257	295	27
73555	257	297	27
73556	257	298	27
73558	257	300	27
73559	257	301	27
73560	257	302	27
73561	257	303	27
73562	257	304	27
73563	257	305	27
73565	257	307	27
73566	257	308	27
73567	257	309	27
73568	257	310	27
73569	257	311	27
73570	257	312	27
73571	257	313	27
73572	257	314	27
73573	257	315	27
73576	257	318	27
73577	257	319	27
73578	257	320	27
73582	257	324	27
73585	257	327	27
73586	257	328	27
73760	258	202	38
73761	258	203	38
73762	258	204	38
73763	258	205	38
73764	258	206	38
73765	258	207	38
73840	258	282	27
73841	258	283	27
73843	258	285	27
73844	258	286	27
73845	258	287	27
73846	258	288	27
73847	258	289	27
73848	258	290	27
73849	258	291	27
73850	258	292	27
73851	258	293	27
73852	258	294	27
73853	258	295	27
73854	258	296	27
73855	258	297	27
73856	258	298	27
73857	258	299	27
73858	258	300	27
73859	258	301	27
73861	258	303	27
73862	258	304	27
73863	258	305	27
73864	258	306	27
73865	258	307	27
73866	258	308	27
73867	258	309	27
73868	258	310	27
73869	258	311	27
73870	258	312	27
73871	258	313	27
73872	258	314	27
73873	258	315	27
73874	258	316	27
73875	258	317	27
73876	258	318	27
73877	258	319	27
73878	258	320	27
73879	258	321	27
73882	258	324	27
73883	258	325	27
73885	258	327	27
74061	259	203	38
74062	259	204	38
74063	259	205	38
74064	259	206	38
74140	259	282	27
74141	259	283	27
74142	259	284	27
74144	259	286	27
74146	259	288	27
74147	259	289	27
74148	259	290	27
74149	259	291	27
74150	259	292	27
74151	259	293	27
74152	259	294	27
74153	259	295	27
74154	259	296	27
74155	259	297	27
74157	259	299	27
74158	259	300	27
74159	259	301	27
74160	259	302	27
74161	259	303	27
74162	259	304	27
74163	259	305	27
74164	259	306	27
74165	259	307	27
74166	259	308	27
74167	259	309	27
74168	259	310	27
74169	259	311	27
74170	259	312	27
74171	259	313	27
74172	259	314	27
74173	259	315	27
74174	259	316	27
74175	259	317	27
74176	259	318	27
74177	259	319	27
74178	259	320	27
74179	259	321	27
74180	259	322	27
74181	259	323	27
74182	259	324	27
74184	259	326	27
74185	259	327	27
74360	260	203	38
74361	260	204	38
74362	260	205	38
74443	260	286	27
74444	260	287	27
74445	260	288	27
74447	260	290	27
74449	260	292	27
74450	260	293	27
74451	260	294	27
74452	260	295	27
74453	260	296	27
74454	260	297	27
74455	260	298	27
74456	260	299	27
74458	260	301	27
74459	260	302	27
74460	260	303	27
74461	260	304	27
74462	260	305	27
74463	260	306	27
74464	260	307	27
74465	260	308	27
74466	260	309	27
74467	260	310	27
74468	260	311	27
74469	260	312	27
74470	260	313	27
74471	260	314	27
74472	260	315	27
74473	260	316	27
74474	260	317	27
74475	260	318	27
74476	260	319	27
74477	260	320	27
74478	260	321	27
74479	260	322	27
74480	260	323	27
74481	260	324	27
74482	260	325	27
74483	260	326	27
74663	261	204	38
74664	261	205	38
74665	261	206	38
74666	261	207	38
74741	261	282	27
74743	261	284	27
74744	261	285	27
74745	261	286	27
74746	261	287	27
74747	261	288	27
74748	261	289	27
74749	261	290	27
74750	261	291	27
74751	261	292	27
74752	261	293	27
74753	261	294	27
74754	261	295	27
74755	261	296	27
74756	261	297	27
74757	261	298	27
74758	261	299	27
74759	261	300	27
74760	261	301	27
74761	261	302	27
74763	261	304	27
74764	261	305	27
74765	261	306	27
74766	261	307	27
74767	261	308	27
74768	261	309	27
74769	261	310	27
74770	261	311	27
74771	261	312	27
74772	261	313	27
74773	261	314	27
74775	261	316	27
74776	261	317	27
74779	261	320	27
74781	261	322	27
74782	261	323	27
74786	261	327	27
74787	261	328	27
74966	262	203	38
74970	262	207	38
75045	262	282	27
75047	262	284	27
75048	262	285	27
75049	262	286	27
75054	262	291	27
75055	262	292	27
75056	262	293	27
75057	262	294	27
75058	262	295	27
75059	262	296	27
75060	262	297	27
75061	262	298	27
75062	262	299	27
75064	262	301	27
75065	262	302	27
75066	262	303	27
75067	262	304	27
75068	262	305	27
75069	262	306	27
75070	262	307	27
75071	262	308	27
75072	262	309	27
75073	262	310	27
75075	262	312	27
75076	262	313	27
75077	262	314	27
75078	262	315	27
75079	262	316	27
75080	262	317	27
75081	262	318	27
75082	262	319	27
75083	262	320	27
75084	262	321	27
75085	262	322	27
75087	262	324	27
75090	262	327	27
75098	263	26	40
75272	263	206	38
75352	263	286	27
75353	263	287	27
75355	263	289	27
75356	263	290	27
75357	263	291	27
75359	263	293	27
75360	263	294	27
75361	263	295	27
75362	263	296	27
75363	263	297	27
75364	263	298	27
75365	263	299	27
75366	263	300	27
75367	263	301	27
75368	263	302	27
75369	263	303	27
75370	263	304	27
75371	263	305	27
75372	263	306	27
75373	263	307	27
75374	263	308	27
75375	263	309	27
75378	263	312	27
75379	263	313	27
75380	263	314	27
75381	263	315	27
75382	263	316	27
75383	263	317	27
75384	263	318	27
75385	263	319	27
75386	263	320	27
75387	263	321	27
75389	263	323	27
75390	263	324	27
75393	263	327	27
75399	264	24	40
75400	264	25	40
75653	264	284	27
75655	264	286	27
75658	264	289	27
75659	264	290	27
75660	264	291	27
75661	264	292	27
75663	264	294	27
75664	264	295	27
75665	264	296	27
75666	264	297	27
75667	264	298	27
75668	264	299	27
75669	264	300	27
75670	264	301	27
75671	264	302	27
75672	264	303	27
75673	264	304	27
75674	264	305	27
75675	264	306	27
75676	264	307	27
75677	264	308	27
75678	264	309	27
75679	264	310	27
75680	264	311	27
75681	264	312	27
75682	264	313	27
75683	264	314	27
75684	264	315	27
75685	264	316	27
75686	264	317	27
75687	264	318	27
75688	264	319	27
75689	264	320	27
75691	264	322	27
75692	264	323	27
75694	264	325	27
75957	265	285	27
75958	265	286	27
75961	265	289	27
75962	265	290	27
75963	265	291	27
75964	265	292	27
75968	265	296	27
75969	265	297	27
75970	265	298	27
75971	265	299	27
75972	265	300	27
75973	265	301	27
75974	265	302	27
75975	265	303	27
75976	265	304	27
75977	265	305	27
75978	265	306	27
75979	265	307	27
75980	265	308	27
75981	265	309	27
75982	265	310	27
75983	265	311	27
75984	265	312	27
75985	265	313	27
75986	265	314	27
75987	265	315	27
75988	265	316	27
75989	265	317	27
75990	265	318	27
75991	265	319	27
75992	265	320	27
75993	265	321	27
75994	265	322	27
75996	265	324	27
75997	265	325	27
76007	266	26	40
76008	266	27	40
76009	266	28	40
76010	266	29	40
76258	266	284	27
76259	266	285	27
76261	266	287	27
76262	266	288	27
76263	266	289	27
76264	266	290	27
76269	266	295	27
76270	266	296	27
76272	266	298	27
76273	266	299	27
76274	266	300	27
76275	266	301	27
76276	266	302	27
76277	266	303	27
76278	266	304	27
76279	266	305	27
76280	266	306	27
76281	266	307	27
76282	266	308	27
76283	266	309	27
76284	266	310	27
76285	266	311	27
76286	266	312	27
76287	266	313	27
76288	266	314	27
76289	266	315	27
76290	266	316	27
76291	266	317	27
76294	266	320	27
76296	266	322	27
76309	267	26	40
76310	267	27	40
76311	267	28	40
76312	267	29	40
76561	267	285	27
76562	267	286	27
76563	267	287	27
76566	267	290	27
76571	267	295	27
76573	267	297	27
76574	267	298	27
76575	267	299	27
76576	267	300	27
76577	267	301	27
76578	267	302	27
76579	267	303	27
76580	267	304	27
76581	267	305	27
76582	267	306	27
76583	267	307	27
76584	267	308	27
76585	267	309	27
76586	267	310	27
76587	267	311	27
76588	267	312	27
76589	267	313	27
76590	267	314	27
76591	267	315	27
76592	267	316	27
76593	267	317	27
76594	267	318	27
76596	267	320	27
76597	267	321	27
76599	267	323	27
76609	268	25	40
76610	268	26	40
76611	268	27	40
76612	268	28	40
76613	268	29	40
76616	268	32	40
76860	268	284	27
76864	268	288	27
76872	268	296	27
76873	268	297	27
76874	268	298	27
76875	268	299	27
76877	268	301	27
76878	268	302	27
76879	268	303	27
76880	268	304	27
76881	268	305	27
76882	268	306	27
76883	268	307	27
76884	268	308	27
76885	268	309	27
76886	268	310	27
76887	268	311	27
76888	268	312	27
76889	268	313	27
76890	268	314	27
76891	268	315	27
76892	268	316	27
76893	268	317	27
76894	268	318	27
76895	268	319	27
76896	268	320	27
76897	268	321	27
76909	269	25	40
76910	269	26	40
76911	269	27	40
76912	269	28	40
76913	269	29	40
76914	269	30	40
76915	269	31	40
76916	269	32	40
77159	269	284	27
77160	269	285	27
77162	269	287	27
77173	269	298	27
77175	269	300	27
77176	269	301	27
77179	269	304	27
77180	269	305	27
77181	269	306	27
77182	269	307	27
77183	269	308	27
77185	269	310	27
77186	269	311	27
77187	269	312	27
77189	269	314	27
77190	269	315	27
77191	269	316	27
77192	269	317	27
77193	269	318	27
77194	269	319	27
77195	269	320	27
77196	269	321	27
77198	269	323	27
77199	269	324	27
77209	270	27	40
77210	270	28	40
77211	270	29	40
77212	270	30	40
77217	270	35	40
77218	270	36	40
77467	270	294	27
77468	270	295	27
77471	270	298	27
77472	270	299	27
77473	270	300	27
77474	270	301	27
77477	270	304	27
77478	270	305	27
77479	270	306	27
77481	270	308	27
77482	270	309	27
77483	270	310	27
77484	270	311	27
77485	270	312	27
77487	270	314	27
77488	270	315	27
77489	270	316	27
77490	270	317	27
77491	270	318	27
77492	270	319	27
77493	270	320	27
77496	270	323	27
77506	271	27	40
77507	271	28	40
77508	271	29	40
77509	271	30	40
77512	271	33	40
77513	271	34	40
77514	271	35	40
77770	271	299	27
77772	271	301	27
77773	271	302	27
77774	271	303	27
77779	271	308	27
77780	271	309	27
77782	271	311	27
77783	271	312	27
77784	271	313	27
77785	271	314	27
77786	271	315	27
77788	271	317	27
77789	271	318	27
77790	271	319	27
77804	272	28	40
77805	272	29	40
77806	272	30	40
77807	272	31	40
77808	272	32	40
77810	272	34	40
77811	272	35	40
77961	272	194	42
78066	272	299	27
78067	272	300	27
78068	272	301	27
78069	272	302	27
78070	272	303	27
78076	272	309	27
78078	272	311	27
78079	272	312	27
78080	272	313	27
78081	272	314	27
78082	272	315	27
78083	272	316	27
78085	272	318	27
78100	273	29	40
78101	273	30	40
78102	273	31	40
78103	273	32	40
78104	273	33	40
78105	273	34	40
78106	273	35	40
78107	273	36	40
78365	273	300	27
78366	273	301	27
78367	273	302	27
78371	273	306	27
78372	273	307	27
78373	273	308	27
78377	273	312	27
78379	273	314	27
78380	273	315	27
78381	273	316	27
78382	273	317	27
78386	273	321	27
78398	274	30	40
78399	274	31	40
78400	274	32	40
78401	274	33	40
78402	274	36	40
78403	274	37	40
78404	274	38	40
78407	274	41	40
78549	274	191	42
78550	274	192	42
78553	274	195	42
78658	274	300	27
78659	274	301	27
78660	274	302	27
78661	274	303	27
78665	274	307	27
78667	274	309	27
78669	274	311	27
78671	274	313	27
78673	274	315	27
78674	274	316	27
78675	274	317	27
78679	274	321	27
78691	275	32	40
78692	275	36	40
78693	275	37	40
78694	275	38	40
78695	275	39	40
78696	275	40	40
78840	275	191	42
78841	275	192	42
78843	275	194	42
78844	275	195	42
78845	275	196	42
78950	275	301	27
78951	275	302	27
78961	275	312	27
78963	275	314	27
78964	275	315	27
78965	275	316	27
78966	275	317	27
78967	275	318	27
78968	275	319	27
78969	275	320	27
78971	275	322	27
78972	275	323	27
78982	276	37	40
78983	276	38	40
78984	276	39	40
78985	276	40	40
78986	276	41	40
79127	276	191	42
79128	276	192	42
79129	276	193	42
79130	276	194	42
79131	276	195	42
79250	276	314	27
79251	276	315	27
79252	276	316	27
79253	276	317	27
79254	276	318	27
79255	276	319	27
79257	276	321	27
79258	276	322	27
79268	277	38	40
79269	277	39	40
79270	277	40	40
79407	277	186	42
79410	277	189	42
79411	277	190	42
79412	277	191	42
79413	277	192	42
79414	277	193	42
79415	277	194	42
79416	277	195	42
79535	277	314	27
79537	277	316	27
79538	277	317	27
79539	277	318	27
79540	277	319	27
79541	277	320	27
79542	277	321	27
79554	278	40	40
79693	278	189	42
79694	278	190	42
79695	278	191	42
79696	278	192	42
79697	278	193	42
79698	278	194	42
79699	278	195	42
79700	278	196	42
79818	278	314	27
79819	278	315	27
79974	279	186	42
79975	279	187	42
79977	279	189	42
79978	279	190	42
79979	279	191	42
79980	279	192	42
79981	279	193	42
80103	279	315	27
80104	279	316	27
80258	280	186	42
80259	280	187	42
80260	280	188	42
80261	280	189	42
80262	280	190	42
80263	280	191	42
80264	280	192	42
80265	280	193	42
80538	281	186	42
80539	281	187	42
80540	281	188	42
80541	281	189	42
80543	281	191	42
80544	281	192	42
80546	281	194	42
80815	282	186	42
80816	282	187	42
80817	282	188	42
80818	282	189	42
81092	283	186	42
81093	283	187	42
81094	283	188	42
81095	283	189	42
81097	283	191	42
81369	284	185	42
81370	284	186	42
81372	284	188	42
81375	284	191	42
82082	287	47	44
82083	287	49	44
82366	288	47	44
82367	288	48	44
82368	288	49	44
82562	288	253	46
82565	288	256	46
82646	289	47	44
82647	289	48	44
82648	289	49	44
82835	289	250	46
82836	289	251	46
82838	289	253	46
82839	289	254	46
82841	289	256	46
82842	289	257	46
82921	290	46	44
82922	290	47	44
82923	290	48	44
83108	290	252	46
83109	290	253	46
83110	290	254	46
83112	290	256	46
83113	290	257	46
83114	290	258	46
83186	291	42	44
83187	291	43	44
83188	291	44	44
83189	291	45	44
83190	291	46	44
83191	291	47	44
83192	291	48	44
83369	291	249	46
83372	291	252	46
83373	291	253	46
83374	291	254	46
83375	291	255	46
83379	291	259	46
83450	292	41	44
83451	292	42	44
83452	292	43	44
83453	292	44	44
83454	292	45	44
83455	292	46	44
83456	292	47	44
83457	292	48	44
83458	292	49	44
83634	292	250	46
83637	292	253	46
83638	292	254	46
83639	292	255	46
83640	292	256	46
83641	292	257	46
83642	292	258	46
83643	292	259	46
83714	293	41	44
83715	293	42	44
83716	293	43	44
83717	293	44	44
83718	293	45	44
83719	293	46	44
83720	293	47	44
83721	293	48	44
83722	293	49	44
83723	293	50	44
83902	293	250	46
83903	293	251	46
83904	293	252	46
83906	293	254	46
83908	293	256	46
83909	293	257	46
83910	293	258	46
83912	293	260	46
83982	294	41	44
83983	294	42	44
83984	294	43	44
83985	294	44	44
83986	294	45	44
83987	294	46	44
83988	294	47	44
83989	294	48	44
83990	294	49	44
83991	294	50	44
84171	294	251	46
84172	294	252	46
84175	294	255	46
84176	294	256	46
84178	294	258	46
84250	295	42	44
84251	295	44	44
84252	295	45	44
84253	295	46	44
84254	295	47	44
84255	295	48	44
84256	295	49	44
84436	295	250	46
84437	295	251	46
84442	295	256	46
84444	295	258	46
84516	296	42	44
84517	296	43	44
84518	296	44	44
84519	296	45	44
84520	296	46	44
84521	296	47	44
84522	296	48	44
84523	296	49	44
84708	296	255	46
84709	296	256	46
84710	296	257	46
84711	296	258	46
84783	297	41	44
84785	297	43	44
84786	297	45	44
84787	297	47	44
84970	297	254	46
84973	297	257	46
85046	298	43	44
85047	298	45	44
85048	298	46	44
85049	298	47	44
85050	298	48	44
85309	299	45	44
85310	299	46	44
85311	299	47	44
85312	299	48	44
91765	324	136	49
91766	324	137	49
91978	325	87	50
92024	325	133	49
92025	325	134	49
92026	325	135	49
92027	325	136	49
92028	325	137	49
92236	326	84	50
92237	326	85	50
92238	326	86	50
92239	326	87	50
92285	326	133	49
92286	326	134	49
92287	326	135	49
92288	326	136	49
92289	326	137	49
92290	326	138	49
92291	326	139	49
92544	327	131	49
92546	327	133	49
92547	327	134	49
92548	327	135	49
92549	327	136	49
92550	327	137	49
92551	327	138	49
92552	327	139	49
92554	327	141	49
92555	327	142	49
92561	327	148	49
92759	328	84	50
92760	328	85	50
92761	328	86	50
92762	328	87	50
92806	328	131	49
92807	328	132	49
92808	328	133	49
92809	328	134	49
92810	328	135	49
92811	328	136	49
92812	328	137	49
92813	328	138	49
92814	328	139	49
92816	328	141	49
92817	328	142	49
92822	328	147	49
92823	328	148	49
93023	329	83	50
93024	329	84	50
93025	329	85	50
93026	329	86	50
93027	329	87	50
93028	329	88	50
93029	329	89	50
93070	329	130	49
93072	329	132	49
93073	329	133	49
93074	329	134	49
93075	329	135	49
93076	329	136	49
93077	329	137	49
93078	329	138	49
93079	329	139	49
93080	329	140	49
93081	329	141	49
93082	329	142	49
93083	329	143	49
93084	329	144	49
93085	329	145	49
93086	329	146	49
93087	329	147	49
93303	330	85	50
93304	330	86	50
93305	330	87	50
93306	330	88	50
93307	330	89	50
93313	330	95	50
93314	330	96	50
93315	330	97	50
93347	330	129	49
93348	330	130	49
93349	330	131	49
93350	330	132	49
93351	330	133	49
93352	330	134	49
93353	330	135	49
93354	330	136	49
93355	330	137	49
93356	330	138	49
93357	330	139	49
93358	330	140	49
93359	330	141	49
93360	330	142	49
93361	330	143	49
93362	330	144	49
93363	330	145	49
93364	330	146	49
93365	330	147	49
93366	330	148	49
93367	330	149	49
93368	330	150	49
93580	331	83	50
93581	331	84	50
93582	331	85	50
93583	331	87	50
93584	331	88	50
93585	331	89	50
93586	331	90	50
93591	331	95	50
93592	331	96	50
93593	331	97	50
93625	331	129	49
93626	331	130	49
93627	331	131	49
93628	331	132	49
93630	331	134	49
93631	331	135	49
93632	331	136	49
93633	331	137	49
93634	331	138	49
93635	331	139	49
93636	331	140	49
93637	331	141	49
93638	331	142	49
93639	331	143	49
93640	331	144	49
93641	331	145	49
93642	331	146	49
93643	331	147	49
93644	331	148	49
93645	331	149	49
93646	331	150	49
93856	332	81	50
93857	332	82	50
93858	332	83	50
93859	332	84	50
93860	332	85	50
93861	332	86	50
93862	332	87	50
93863	332	88	50
93864	332	89	50
93865	332	90	50
93870	332	95	50
93871	332	96	50
93872	332	97	50
93873	332	98	50
93906	332	131	49
93907	332	132	49
93908	332	133	49
93909	332	134	49
93910	332	135	49
93911	332	136	49
93912	332	137	49
93913	332	138	49
93914	332	139	49
93915	332	140	49
93916	332	141	49
93917	332	142	49
93918	332	143	49
93919	332	144	49
93920	332	145	49
93921	332	146	49
93922	332	147	49
93923	332	148	49
93924	332	149	49
93925	332	150	49
93926	332	151	49
94133	333	80	50
94134	333	81	50
94135	333	82	50
94137	333	84	50
94138	333	85	50
94139	333	86	50
94140	333	87	50
94141	333	88	50
94142	333	89	50
94143	333	90	50
94147	333	94	50
94148	333	95	50
94149	333	96	50
94150	333	97	50
94185	333	132	49
94186	333	133	49
94187	333	134	49
94188	333	135	49
94189	333	136	49
94190	333	137	49
94191	333	138	49
94192	333	139	49
94193	333	140	49
94194	333	141	49
94195	333	142	49
94196	333	143	49
94197	333	144	49
94198	333	145	49
94199	333	146	49
94200	333	147	49
94201	333	148	49
94202	333	149	49
94203	333	150	49
94204	333	151	49
94205	333	152	49
94411	334	81	50
94412	334	82	50
94413	334	83	50
94414	334	84	50
94415	334	85	50
94416	334	86	50
94417	334	87	50
94418	334	88	50
94419	334	89	50
94420	334	90	50
94424	334	94	50
94427	334	97	50
94428	334	98	50
94429	334	99	50
94460	334	130	49
94463	334	133	49
94464	334	134	49
94465	334	135	49
94466	334	136	49
94467	334	137	49
94468	334	138	49
94469	334	139	49
94470	334	140	49
94471	334	141	49
94472	334	142	49
94473	334	143	49
94474	334	144	49
94475	334	145	49
94476	334	146	49
94477	334	147	49
94478	334	148	49
94479	334	149	49
94480	334	150	49
94481	334	151	49
94482	334	152	49
94483	334	153	49
94486	334	156	49
94688	335	82	50
94689	335	83	50
94690	335	84	50
94691	335	85	50
94692	335	86	50
94693	335	87	50
94694	335	88	50
94695	335	89	50
94696	335	90	50
94697	335	91	50
94700	335	94	50
94703	335	97	50
94704	335	98	50
94736	335	130	49
94739	335	133	49
94740	335	134	49
94741	335	135	49
94742	335	136	49
94743	335	137	49
94744	335	138	49
94745	335	139	49
94746	335	140	49
94747	335	141	49
94748	335	142	49
94749	335	143	49
94750	335	144	49
94751	335	145	49
94752	335	146	49
94753	335	147	49
94754	335	148	49
94755	335	149	49
94756	335	150	49
94757	335	151	49
94758	335	152	49
94759	335	153	49
94760	335	154	49
94761	335	155	49
94762	335	156	49
94763	335	157	49
94965	336	83	50
94966	336	84	50
94967	336	85	50
94968	336	86	50
94969	336	87	50
94970	336	88	50
94971	336	89	50
94972	336	90	50
94974	336	92	50
94975	336	93	50
94976	336	94	50
94978	336	96	50
94979	336	97	50
94980	336	98	50
94981	336	99	50
95017	336	135	49
95018	336	136	49
95019	336	137	49
95020	336	138	49
95021	336	139	49
95022	336	140	49
95023	336	141	49
95024	336	142	49
95025	336	143	49
95026	336	144	49
95027	336	145	49
95028	336	146	49
95029	336	147	49
95030	336	148	49
95031	336	149	49
95032	336	150	49
95033	336	151	49
95034	336	152	49
95035	336	153	49
95036	336	154	49
95037	336	155	49
95038	336	156	49
95241	337	83	50
95242	337	84	50
95243	337	85	50
95244	337	86	50
95245	337	87	50
95246	337	88	50
95247	337	89	50
95248	337	90	50
95249	337	91	50
95250	337	92	50
95252	337	94	50
95253	337	95	50
95254	337	96	50
95255	337	97	50
95257	337	99	50
95294	337	136	49
95296	337	138	49
95297	337	139	49
95298	337	140	49
95299	337	141	49
95300	337	142	49
95301	337	143	49
95303	337	145	49
95304	337	146	49
95305	337	147	49
95306	337	148	49
95307	337	149	49
95308	337	150	49
95309	337	151	49
95310	337	152	49
95311	337	153	49
95312	337	154	49
95313	337	155	49
95314	337	156	49
95442	337	284	53
95446	337	288	53
95516	338	83	50
95517	338	84	50
95518	338	85	50
95519	338	86	50
95520	338	87	50
95521	338	88	50
95522	338	89	50
95523	338	90	50
95524	338	91	50
95525	338	92	50
95526	338	93	50
95528	338	95	50
95529	338	96	50
95530	338	97	50
95531	338	98	50
95567	338	134	49
95569	338	136	49
95572	338	139	49
95573	338	140	49
95574	338	141	49
95575	338	142	49
95576	338	143	49
95577	338	144	49
95578	338	145	49
95579	338	146	49
95580	338	147	49
95581	338	148	49
95582	338	149	49
95583	338	150	49
95584	338	151	49
95585	338	152	49
95586	338	153	49
95587	338	154	49
95588	338	155	49
95589	338	156	49
95590	338	157	49
95720	338	287	53
95721	338	288	53
95791	339	83	50
95792	339	84	50
95796	339	88	50
95801	339	93	50
95803	339	95	50
95804	339	96	50
95805	339	97	50
95806	339	98	50
95845	339	137	49
95846	339	138	49
95849	339	141	49
95850	339	142	49
95851	339	143	49
95852	339	144	49
95853	339	145	49
95854	339	146	49
95855	339	147	49
95856	339	148	49
95857	339	149	49
95858	339	150	49
95859	339	151	49
95860	339	152	49
95861	339	153	49
95862	339	154	49
95863	339	155	49
95864	339	156	49
95865	339	157	49
95992	339	284	53
95993	339	285	53
95994	339	286	53
96063	340	82	50
96064	340	83	50
96066	340	85	50
96070	340	89	50
96073	340	92	50
96074	340	93	50
96075	340	94	50
96076	340	95	50
96077	340	96	50
96078	340	97	50
96119	340	138	49
96121	340	140	49
96125	340	144	49
96126	340	145	49
96127	340	146	49
96128	340	147	49
96129	340	148	49
96130	340	149	49
96131	340	150	49
96132	340	151	49
96133	340	152	49
96134	340	153	49
96136	340	155	49
96137	340	156	49
96138	340	157	49
96139	340	158	49
96263	340	282	53
96264	340	283	53
96265	340	284	53
96266	340	285	53
96267	340	286	53
96268	340	287	53
96269	340	288	53
96272	340	291	53
96336	341	83	50
96346	341	93	50
96350	341	97	50
96396	341	143	49
96397	341	144	49
96399	341	146	49
96400	341	147	49
96401	341	148	49
96402	341	149	49
96403	341	150	49
96404	341	151	49
96405	341	152	49
96406	341	153	49
96407	341	154	49
96408	341	155	49
96409	341	156	49
96410	341	157	49
96411	341	158	49
96535	341	282	53
96536	341	283	53
96537	341	284	53
96538	341	285	53
96539	341	286	53
96540	341	287	53
96541	341	288	53
96667	342	145	49
96668	342	146	49
96669	342	147	49
96670	342	148	49
96671	342	149	49
96672	342	150	49
96673	342	151	49
96674	342	152	49
96675	342	153	49
96676	342	154	49
96677	342	155	49
96678	342	156	49
96679	342	157	49
96680	342	158	49
96681	342	159	49
96804	342	282	53
96805	342	283	53
96806	342	284	53
96807	342	285	53
96808	342	286	53
96809	342	287	53
96810	342	288	53
96812	342	290	53
96813	342	291	53
96940	343	146	49
96941	343	147	49
96942	343	148	49
96943	343	149	49
96946	343	152	49
96947	343	153	49
96948	343	154	49
96950	343	156	49
96952	343	158	49
96953	343	159	49
97076	343	282	53
97077	343	283	53
97078	343	284	53
97079	343	285	53
97080	343	286	53
97085	343	291	53
97214	344	147	49
97215	344	148	49
97216	344	149	49
97217	344	150	49
97219	344	152	49
97220	344	153	49
97221	344	154	49
97222	344	155	49
97223	344	156	49
97347	344	280	53
97352	344	285	53
97353	344	286	53
97354	344	287	53
97356	344	289	53
97493	345	154	49
97494	345	155	49
97495	345	156	49
97496	345	157	49
97498	345	159	49
97617	345	281	53
97618	345	282	53
97619	345	283	53
97622	345	286	53
97623	345	287	53
97624	345	288	53
97626	345	290	53
97630	345	294	53
97631	345	295	53
97887	346	288	53
97888	346	289	53
97889	346	290	53
97891	346	292	53
97892	346	293	53
97893	346	294	53
97894	346	295	53
98146	347	285	53
98148	347	287	53
98149	347	288	53
98150	347	289	53
98151	347	290	53
98152	347	291	53
98153	347	292	53
98154	347	293	53
98155	347	294	53
98156	347	295	53
98412	348	289	53
98413	348	290	53
98414	348	291	53
98415	348	292	53
98416	348	293	53
98417	348	294	53
98418	348	295	53
98419	348	296	53
98420	348	297	53
98421	348	298	53
98672	349	286	53
98673	349	287	53
98674	349	288	53
98675	349	289	53
98676	349	290	53
98677	349	291	53
98678	349	292	53
98681	349	295	53
98682	349	296	53
98683	349	297	53
98684	349	298	53
98687	349	301	53
98935	350	288	53
98938	350	291	53
98939	350	292	53
98944	350	297	53
98945	350	298	53
98947	350	300	53
98948	350	301	53
98949	350	302	53
98952	350	305	53
98954	350	307	53
98961	350	314	53
99197	351	289	53
99198	351	290	53
99199	351	291	53
99200	351	292	53
99201	351	293	53
99202	351	294	53
99203	351	295	53
99205	351	297	53
99206	351	298	53
99207	351	299	53
99209	351	301	53
99213	351	305	53
99214	351	306	53
99215	351	307	53
99218	351	310	53
99219	351	311	53
99221	351	313	53
99454	352	288	53
99455	352	289	53
99457	352	291	53
99458	352	292	53
99459	352	293	53
99461	352	295	53
99462	352	296	53
99463	352	297	53
99464	352	298	53
99465	352	299	53
99466	352	300	53
99468	352	302	53
99470	352	304	53
99472	352	306	53
99474	352	308	53
99475	352	309	53
99478	352	312	53
99480	352	314	53
99706	353	285	53
99709	353	288	53
99710	353	289	53
99711	353	290	53
99712	353	291	53
99713	353	292	53
99715	353	294	53
99718	353	297	53
99719	353	298	53
99720	353	299	53
99722	353	301	53
99724	353	303	53
99725	353	304	53
99726	353	305	53
99729	353	308	53
99730	353	309	53
99731	353	310	53
99732	353	311	53
99733	353	312	53
99734	353	313	53
99735	353	314	53
99736	353	315	53
99959	354	286	53
99960	354	287	53
99961	354	288	53
99962	354	289	53
99963	354	295	53
99964	354	296	53
99966	354	298	53
99969	354	301	53
99970	354	302	53
99971	354	303	53
99972	354	304	53
99973	354	305	53
99974	354	306	53
99975	354	307	53
99976	354	308	53
99977	354	309	53
99978	354	310	53
99979	354	311	53
99980	354	312	53
99981	354	313	53
99983	354	315	53
99984	354	316	53
99985	354	317	53
99988	354	320	53
99989	354	321	53
99990	354	322	53
100202	355	287	53
100204	355	297	53
100207	355	300	53
100208	355	301	53
100209	355	302	53
100210	355	303	53
100211	355	304	53
100212	355	305	53
100214	355	307	53
100215	355	308	53
100216	355	309	53
100217	355	310	53
100218	355	311	53
100219	355	312	53
100220	355	313	53
100221	355	314	53
100223	355	316	53
100224	355	317	53
100225	355	318	53
100226	355	319	53
100227	355	320	53
100228	355	321	53
100229	355	322	53
100230	355	323	53
100231	355	324	53
100440	356	299	53
100441	356	300	53
100442	356	301	53
100443	356	302	53
100444	356	303	53
100445	356	304	53
100448	356	307	53
100449	356	308	53
100451	356	310	53
100452	356	311	53
100453	356	312	53
100456	356	315	53
100459	356	318	53
100460	356	319	53
100461	356	320	53
100462	356	321	53
100463	356	322	53
100464	356	323	53
100629	357	298	53
100634	357	303	53
100636	357	305	53
100639	357	308	53
100640	357	309	53
100641	357	310	53
100642	357	311	53
100643	357	312	53
100647	357	316	53
100649	357	318	53
100650	357	319	53
100651	357	320	53
100652	357	321	53
100654	357	323	53
100655	357	324	53
100819	358	299	53
100820	358	300	53
100823	358	303	53
100825	358	305	53
100826	358	306	53
100827	358	307	53
100829	358	309	53
100830	358	310	53
100831	358	311	53
100833	358	313	53
100834	358	314	53
100835	358	315	53
100836	358	316	53
100837	358	317	53
100838	358	318	53
100839	358	319	53
100840	358	320	53
100841	358	321	53
100842	358	322	53
100843	358	323	53
101011	359	305	53
101013	359	307	53
101014	359	308	53
101020	359	314	53
101021	359	315	53
101022	359	316	53
101024	359	318	53
101025	359	319	53
101026	359	320	53
101027	359	321	53
101194	360	306	53
101195	360	307	53
101204	360	316	53
101205	360	317	53
101206	360	318	53
101207	360	319	53
101208	360	320	53
101209	360	321	53
101210	360	322	53
101211	360	323	53
101212	360	324	53
101371	361	307	53
101379	361	315	53
101381	361	317	53
101382	361	318	53
101383	361	319	53
101384	361	320	53
101385	361	321	53
101386	361	322	53
101387	361	323	53
101553	362	315	53
101554	362	316	53
101555	362	317	53
101556	362	318	53
101557	362	319	53
101558	362	320	53
101559	362	321	53
101560	362	322	53
101723	363	315	53
101724	363	316	53
101731	363	323	53
101890	364	317	53
102052	365	317	53
102053	365	318	53
